gender,age,department,total_usetime,social_usetime,communication_usetime,entertainment_usetime,news_usetime,system_usetime,notification_usetime,view_order_top,view_order_middle,scenario,order111111,order1122,order123,order222
M,3,工管系,2,2,0,2,0,0,0,1,2,resting,csenwy,csenwy,cesnwy,csenwy
F,1,原科院學士班,1,1,1,1,0,0,0,1,2,resting,scewyn,scewny,scenwy,csewny
F,2,法律系,3,2,2,0,1,0,0,1,2,resting,escwny,escwny,ecsnwy,escwny
F,4,護理科,2,1,2,0,0,0,0,1,2,wakingup,csnwye,csnwey,cnsewy,csnwey
M,2,不分系,2,1,2,1,1,0,1,2,1,resting,csewny,csewny,cesnwy,csewny
M,2,材料,3,1,1,2,0,0,0,1,2,resting,csnwey,csnwey,cnsewy,csnwey
M,2,資工系,2,1,1,1,0,0,0,1,2,commuting,nwcsey,nwcsey,ncwesy,nwcsey
F,2,文資系,2,1,0,2,0,0,0,1,2,wakingup,ncswey,ncswey,ncsewy,cnswey
F,2,資工系,4,1,0,3,0,0,0,1,2,wakingup,nwcsey,nwcsey,ncwesy,nwcsey
F,2,外語,4,4,2,1,0,0,0,1,2,commuting,nwecsy,nwcesy,newcsy,nwcesy
F,2,中山大學化學系,4,2,1,3,0,0,0,1,2,resting,secwyn,secwny,scenwy,escwny
M,2,電子物理系,4,3,2,2,1,0,0,3,2,working,ncswey,ncswey,ncsewy,cnswey
F,2,歷史系,4,3,1,3,1,0,0,1,2,working,ncwyse,ncwyes,ncwesy,cnwyes
F,2,資工系,1,1,0,0,0,0,0,1,2,resting,secwny,secwny,scenwy,escwny
M,2,資工系,4,1,1,4,0,0,0,1,2,wakingup,ncswye,ncswey,ncsewy,cnswey
M,2,資工系,2,?,?,?,?,?,?,1,2,working,scwnye,scnwey,scweny,csnwey
F,2,資工系,3,2,1,2,0,0,0,1,2,commuting,cwnsey,cwnsey,cnwesy,cwnsey
F,2,資工系,1,?,?,?,?,?,?,1,2,resting,nescwy,necswy,nescwy,encswy
F,4,食品營養科,1,1,1,1,0,0,0,1,2,working,ncwsye,ncswey,ncwesy,cnswey
F,4,企業管理,1,0,0,1,0,0,0,1,2,wakingup,ncswye,ncswey,ncsewy,cnswey
M,4,材料,4,3,3,2,2,0,0,2,1,resting,cswney,csnwey,csweny,csnwey
M,1,經濟系,3,2,1,1,0,0,0,3,2,wakingup,ynwecs,ynewcs,ynwces,nyewcs
M,2,數據所,4,2,2,0,0,0,0,1,2,commuting,csewyn,csewny,cesnwy,csewny
M,3,資工所,1,1,0,0,0,0,0,1,2,resting,csewny,csewny,cesnwy,csewny
M,3,材料所,3,1,1,2,0,0,0,1,2,wakingup,cnwsey,cnswey,cnwesy,cnswey
M,3,資工,4,1,1,3,0,0,0,1,2,working,cnsywe,cnsyew,cnsewy,cnsyew
M,2,資工11,3,2,1,1,1,0,1,1,2,commuting,wnscye,wncsey,wnscey,nwcsey
F,2,行銷系,4,1,2,3,0,0,0,1,2,wakingup,cnsewy,cneswy,cnsewy,cneswy
F,1,資工,4,3,3,3,0,0,0,1,2,working,scnwey,scnwey,scnewy,csnwey
M,2,電機,4,2,2,2,0,0,0,1,2,wakingup,csnewy,csenwy,cnsewy,csenwy
F,2,心諮系,2,1,0,1,0,0,0,1,2,working,cwnsey,cwnsey,cnwesy,cwnsey
M,2,資工,4,?,?,?,?,?,?,1,2,resting,ceswny,ceswny,cesnwy,ceswny
F,4,電子資料處理,4,4,4,4,0,0,0,1,2,resting,cnsewy,cneswy,cnsewy,cneswy
F,4,EE,4,1,4,2,1,0,1,1,3,resting,ncsywe,ncsyew,ncsewy,cnsyew
F,2,資工系,3,3,2,1,0,0,0,1,2,working,csenwy,csenwy,cesnwy,csenwy
F,2,工科,4,2,1,4,0,0,0,1,2,working,cswyne,cswyen,csweny,cswyen
M,2,資工系,3,?,?,?,?,?,?,1,3,wakingup,cnsewy,cneswy,cnsewy,cneswy
F,4,中文,2,2,1,0,0,0,0,1,2,working,cnswye,cnswey,cnsewy,cnswey
M,3,資工,4,1,1,3,0,0,0,1,2,resting,cnsywe,cnsyew,cnsewy,cnsyew
M,2,資工系,3,1,1,2,0,0,0,1,2,resting,cwnsey,cwnsey,cnwesy,cwnsey
F,2,資工系,3,1,1,2,0,0,0,1,2,commuting,cwnsey,cwnsey,cnwesy,cwnsey
M,2,材料系,3,2,2,0,0,0,1,1,2,resting,scewyn,scewny,scenwy,csewny
M,3,資工,4,1,1,3,0,0,0,1,2,commuting,cnsywe,cnsyew,cnsewy,cnsyew
F,2,教育學院學士班,3,2,2,0,0,0,0,1,2,resting,escwny,escwny,ecsnwy,escwny
M,2,電機系,3,1,1,2,0,0,0,1,2,resting,ecswny,ecswny,ecsnwy,ceswny
F,4,國貿科,1,1,2,0,1,0,0,1,2,commuting,cswnye,csnwey,csweny,csnwey
F,2,教育學院學士班,3,2,2,0,0,0,0,1,2,wakingup,nwycse,nwcyes,nwyces,nwcyes
M,4,机械系,1,0,1,0,0,0,1,1,2,wakingup,nwscye,nwcsey,nswcey,nwcsey
M,2,電機系,2,1,1,1,1,0,0,3,1,commuting,csnwey,csnwey,cnsewy,csnwey
F,2,資工系,4,3,2,3,0,0,0,1,2,wakingup,nwcsey,nwcsey,ncwesy,nwcsey
F,2,英教系,4,4,4,4,0,0,0,1,2,wakingup,cseynw,cseynw,cesnwy,cseynw
F,2,電機系,4,1,1,2,0,0,0,1,2,wakingup,ncyswe,ncsyew,ncyesw,cnsyew
M,2,清大動機,2,1,1,1,0,0,0,1,2,working,ecswyn,ecswny,ecsnwy,ceswny
M,2,資工,4,?,?,?,?,?,?,1,2,commuting,ncwsey,ncswey,ncwesy,cnswey
F,2,數學系,4,3,1,1,1,0,0,1,2,resting,scnewy,scenwy,scnewy,csenwy
F,2,經濟,3,2,0,4,0,0,0,2,3,wakingup,csewny,csewny,cesnwy,csewny
M,2,資工系,4,4,3,4,2,0,0,1,2,commuting,csnewy,csenwy,cnsewy,csenwy
F,2,電物,2,1,1,0,0,0,0,1,2,working,cnswey,cnswey,cnsewy,cnswey
F,2,金融系,2,2,1,0,0,0,0,1,2,resting,csnwye,csnwey,cnsewy,csnwey
M,2,資工系,2,1,1,1,0,0,0,1,2,resting,csewny,csewny,cesnwy,csewny
M,3,資工所,2,1,0,2,0,0,0,2,1,wakingup,swcnye,swcney,scweny,swcney
M,2,電資,3,1,1,2,1,0,0,1,2,commuting,cwseny,cwesny,csweny,cwesny
F,4,應用統計,2,1,1,0,0,0,0,1,2,wakingup,nwcsey,nwcsey,ncwesy,nwcsey
M,2,資工系,2,?,?,?,?,?,?,1,2,wakingup,scnwey,scnwey,scnewy,csnwey
M,2,人社學士班,3,2,1,1,0,0,0,1,2,resting,scenwy,scenwy,scenwy,csenwy
F,2,統計系,3,2,0,2,0,0,0,1,2,resting,cnywse,cnwyes,cnyesw,cnwyes
M,4,食品研究所,4,2,2,2,0,0,0,1,2,wakingup,nycswe,nycsew,ncyesw,nycsew
F,2,物理系,4,1,1,3,0,0,0,1,2,commuting,cwseny,cwesny,csweny,cwesny
F,2,資訊工程系,3,2,2,4,1,0,0,1,3,working,ncwsey,ncswey,ncwesy,cnswey
M,2,資工,3,1,1,3,0,0,0,1,2,working,ncsewy,nceswy,ncsewy,cneswy
M,1,生科系,2,4,3,0,1,2,3,1,2,wakingup,scnwye,scnwey,scnewy,csnwey
F,2,文資系,2,1,0,2,0,0,0,1,2,working,ncwsey,ncswey,ncwesy,cnswey
M,3,工管系,2,2,0,2,0,0,0,1,2,wakingup,csenwy,csenwy,cesnwy,csenwy
F,4,護理科,2,1,2,0,0,0,0,1,2,working,cswney,csnwey,csweny,csnwey
M,4,材料,3,0,1,1,1,0,0,1,2,working,cwnyse,cwnyes,cnwesy,cwnyes
M,2,人社,3,1,2,0,1,0,0,1,3,wakingup,ncswye,ncswey,ncsewy,cnswey
F,2,歷史系,4,3,1,3,1,0,0,1,2,resting,nesywc,nesycw,nescwy,ensycw
F,2,教科系,3,1,0,3,0,0,0,1,2,commuting,csnwye,csnwey,cnsewy,csnwey
F,2,財金,1,0,1,0,1,0,0,3,2,commuting,wcsnye,wcnsey,wcseny,cwnsey
M,3,清大工工,4,3,2,3,1,1,1,1,2,commuting,scewny,scewny,scenwy,csewny
F,2,機械系,4,2,2,4,1,0,0,1,2,wakingup,nscwye,nscwey,ncsewy,nscwey
F,2,商學院,4,2,2,4,0,0,1,1,2,wakingup,cnswey,cnswey,cnsewy,cnswey
M,2,資工,4,1,1,3,1,0,1,1,2,resting,ecsnwy,ecnswy,ecsnwy,censwy
F,4,食品營養科,1,1,1,1,0,0,0,1,2,commuting,ncyswe,ncsyew,ncyesw,cnsyew
M,4,地球科學,4,1,1,1,1,0,0,2,1,commuting,ncwsey,ncswey,ncwesy,cnswey
F,4,金融所,3,2,2,0,0,0,0,1,2,working,ncswey,ncswey,ncsewy,cnswey
F,2,工科,4,2,1,4,0,0,0,1,2,resting,ncswye,ncswey,ncsewy,cnswey
F,3,傳播所,3,2,2,0,0,0,0,1,2,resting,censwy,censwy,censwy,censwy
M,1,經濟系,3,2,1,1,0,0,0,3,2,working,eyswnc,eyswcn,esycnw,eyswcn
M,2,工學院學士班,2,2,1,0,0,0,0,1,2,working,cnswye,cnswey,cnsewy,cnswey
F,2,統計系,3,2,0,2,0,0,0,1,2,wakingup,ncswye,ncswey,ncsewy,cnswey
M,2,資工系,4,?,?,?,?,?,?,3,2,working,ynwesc,ynewcs,ynwces,nyewcs
F,2,英教系,4,4,4,4,0,0,0,1,2,resting,cseynw,cseynw,cesnwy,cseynw
M,4,事業經營管理研究所,2,1,2,0,1,0,0,1,2,commuting,cnswye,cnswey,cnsewy,cnswey
F,2,衛教系,4,1,2,3,0,0,0,1,2,wakingup,nceswy,nceswy,nceswy,cneswy
F,4,金融所,3,2,2,0,0,0,0,1,2,resting,necswy,necswy,nceswy,encswy
F,2,醫環系,3,2,1,2,0,0,0,1,2,commuting,nwscey,nwcsey,nswcey,nwcsey
F,2,文資系,2,1,0,2,0,0,0,1,2,working,ncwsey,ncswey,ncwesy,cnswey
M,1,物理系,3,1,2,2,0,0,0,1,2,commuting,nyeswc,nyescw,neycsw,nyescw
F,4,資工,4,2,3,3,0,0,0,1,2,commuting,csnewy,csenwy,cnsewy,csenwy
F,2,經濟系,2,1,1,1,0,0,0,1,2,wakingup,wncsey,wncsey,wcnesy,nwcsey
M,2,資工11,3,2,1,1,1,0,1,1,2,wakingup,ncswey,ncswey,ncsewy,cnswey
F,2,外語,4,4,2,1,0,0,0,1,2,wakingup,nwcsey,nwcsey,ncwesy,nwcsey
M,2,資工系,4,4,1,1,0,0,0,1,2,commuting,scewny,scewny,scenwy,csewny
M,3,資工,4,4,4,0,0,0,0,1,2,working,scnewy,scenwy,scnewy,csenwy
F,2,經濟,3,2,0,4,0,0,0,2,3,resting,csewny,csewny,cesnwy,csewny
M,2,不分系,2,1,2,1,1,0,1,2,1,wakingup,esycwn,escynw,esycnw,escynw
M,2,資工系,4,1,1,4,0,0,0,1,2,commuting,ncswey,ncswey,ncsewy,cnswey
F,2,特教24,4,4,3,1,0,2,0,1,2,wakingup,scwney,scnwey,scweny,csnwey
F,2,文資系,2,1,0,2,0,0,0,1,2,commuting,ncswey,ncswey,ncsewy,cnswey
M,2,資工系,2,1,1,1,0,0,0,1,2,wakingup,nwycse,nwcyes,nwyces,nwcyes
M,2,資工系,4,?,?,?,?,?,?,3,2,wakingup,ynwesc,ynewcs,ynwces,nyewcs
F,2,教科系,3,2,0,0,0,0,1,2,1,commuting,cnwsye,cnswey,cnwesy,cnswey
M,2,資訊工程系,2,2,1,1,0,0,0,1,2,working,csweyn,csewny,csweny,csewny
F,4,機械,1,1,0,0,1,0,0,1,2,working,scewyn,scewny,scenwy,csewny
M,2,管理科學系,2,2,1,1,0,0,0,1,2,wakingup,cswney,csnwey,csweny,csnwey
F,0,國小,0,0,0,0,0,0,0,3,2,commuting,csweny,csewny,csweny,csewny
M,2,資工系,4,4,1,4,0,0,0,1,2,wakingup,csenyw,csenwy,cesnwy,csenwy
M,2,電機,3,1,1,4,0,0,0,1,2,wakingup,ncswye,ncswey,ncsewy,cnswey
F,2,清華大學 工業工程與工程管理學系,3,1,2,1,1,0,0,1,2,commuting,cnswey,cnswey,cnsewy,cnswey
M,4,工業工程,0,0,0,0,0,0,0,1,2,working,nwcsye,nwcsey,ncwesy,nwcsey
M,2,電子物理系,4,3,2,2,1,0,0,3,2,commuting,cnwsye,cnswey,cnwesy,cnswey
F,3,服科所,3,2,1,0,0,0,0,1,2,working,ncwsey,ncswey,ncwesy,cnswey
F,2,電機所,3,0,4,2,1,1,1,1,2,working,cnwyse,cnwyes,cnwesy,cnwyes
M,2,資工,3,1,1,1,2,0,0,1,2,working,scynwe,scnyew,scyenw,csnyew
F,4,護理科,2,1,2,0,0,0,0,1,2,commuting,cswney,csnwey,csweny,csnwey
M,2,數學系,4,?,?,?,?,?,?,1,2,resting,scnewy,scenwy,scnewy,csenwy
M,2,資工系,4,1,1,4,0,0,0,1,2,resting,ncswey,ncswey,ncsewy,cnswey
F,2,資工系,4,2,1,3,0,0,0,1,2,resting,csewyn,csewny,cesnwy,csewny
F,2,法律系,3,2,2,0,1,0,0,1,2,wakingup,ncwsey,ncswey,ncwesy,cnswey
F,2,資工系,4,3,1,1,0,0,0,1,2,resting,scewny,scewny,scenwy,csewny
M,2,資工系,4,1,1,4,1,0,0,1,2,commuting,scenyw,scenwy,scenwy,csenwy
F,2,化工系,2,1,1,1,0,0,0,1,2,commuting,cnwsey,cnswey,cnwesy,cnswey
F,2,資工,3,0,0,4,0,0,0,1,2,commuting,ecswny,ecswny,ecsnwy,ceswny
F,4,工業管理科,2,0,0,0,0,0,0,1,2,resting,cseywn,cseynw,cesnwy,cseynw
F,2,醫學系,4,3,2,3,0,0,0,1,2,working,csnewy,csenwy,cnsewy,csenwy
F,2,中山大學化學系,4,2,1,3,0,0,0,1,2,commuting,scewny,scewny,scenwy,csewny
F,4,資料處理科,2,1,0,1,0,0,0,1,2,wakingup,wncsey,wncsey,wcnesy,nwcsey
F,2,經濟,3,2,0,4,0,0,0,2,3,commuting,csewyn,csewny,cesnwy,csewny
F,4,會計系,2,1,1,1,0,0,0,1,2,resting,csnwey,csnwey,cnsewy,csnwey
F,0,國小,0,0,0,0,0,0,0,3,2,wakingup,csnwey,csnwey,cnsewy,csnwey
F,2,行銷系,4,1,2,3,0,0,0,1,2,commuting,cnsewy,cneswy,cnsewy,cneswy
M,2,化學,2,1,0,2,1,0,0,3,2,working,cwnsye,cwnsey,cnwesy,cwnsey
F,2,資工系,4,3,0,4,0,0,0,1,2,commuting,nscewy,nscewy,ncsewy,nscewy
F,2,醫學檢驗生物技術學系,4,4,4,2,2,0,0,1,3,wakingup,ncswey,ncswey,ncsewy,cnswey
M,2,電機系,2,1,1,1,1,0,0,3,1,wakingup,ncswey,ncswey,ncsewy,cnswey
M,3,清大工工,4,3,2,3,1,1,1,1,2,resting,scewny,scewny,scenwy,csewny
M,4,材料,4,3,3,2,2,0,0,2,1,commuting,cswney,csnwey,csweny,csnwey
F,2,數學系,4,4,4,0,1,1,2,1,2,commuting,cswnye,csnwey,csweny,csnwey
F,2,教育系,3,2,3,1,0,0,0,1,2,wakingup,nwcsey,nwcsey,ncwesy,nwcsey
F,2,資工,2,1,1,0,0,0,0,1,2,commuting,ecswyn,ecswny,ecsnwy,ceswny
M,3,工科所,2,1,1,2,0,0,0,1,2,commuting,cwnesy,cwensy,cnwesy,cwensy
F,2,特教23,3,2,2,2,0,0,0,1,2,working,csnewy,csenwy,cnsewy,csenwy
F,1,心諮系,2,2,1,0,0,0,0,1,2,commuting,scewny,scewny,scenwy,csewny
F,2,工工系,3,0,1,2,0,0,0,1,2,resting,ncwsey,ncswey,ncwesy,cnswey
F,2,心諮系,2,1,0,1,0,0,0,1,2,resting,ceswny,ceswny,cesnwy,ceswny
F,2,服科所,2,1,0,1,0,0,0,1,2,working,csewny,csewny,cesnwy,csewny
F,2,資工系,3,2,1,0,0,0,0,1,2,working,csnywe,csnyew,cnsewy,csnyew
M,2,電機,4,2,2,1,0,0,0,1,2,resting,cwesyn,cwesny,cewnsy,cwesny
F,2,電機系,4,1,1,2,0,0,0,1,2,commuting,wcsnye,wcnsey,wcseny,cwnsey
F,2,資工系,4,1,0,3,0,0,0,1,2,resting,csweny,csewny,csweny,csewny
M,2,資工系,4,2,0,2,0,0,0,1,2,resting,ncsewy,nceswy,ncsewy,cneswy
F,2,資工系,3,1,1,2,0,0,0,1,2,wakingup,cnwsey,cnswey,cnwesy,cnswey
M,4,電機系,2,0,0,2,0,0,0,1,2,commuting,nwcsey,nwcsey,ncwesy,nwcsey
F,2,資工系,2,?,?,?,?,?,?,1,3,commuting,csenwy,csenwy,cesnwy,csenwy
M,2,資訊工程系,2,2,1,1,0,0,0,1,2,commuting,secwny,secwny,scenwy,escwny
M,4,工業工程,0,0,0,0,0,0,0,1,2,resting,nwcsye,nwcsey,ncwesy,nwcsey
F,2,資工系,3,1,1,2,0,0,0,1,2,resting,cnsewy,cneswy,cnsewy,cneswy
F,2,資工,2,1,1,0,0,0,0,1,2,wakingup,cswnye,csnwey,csweny,csnwey
M,2,資工,3,1,1,1,2,0,0,1,2,commuting,scynwe,scnyew,scyenw,csnyew
M,2,材料系 ,2,0,1,1,0,0,0,1,2,wakingup,ncwsey,ncswey,ncwesy,cnswey
M,2,電機系,2,1,1,1,1,0,0,3,1,resting,ncswey,ncswey,ncsewy,cnswey
M,3,資工所,2,1,0,2,0,0,0,2,1,working,sncwye,sncwey,scnewy,nscwey
M,2,電機系,4,2,1,4,0,0,0,1,2,commuting,csewny,csewny,cesnwy,csewny
F,2,金融系,2,2,1,0,0,0,0,1,2,working,csnwye,csnwey,cnsewy,csnwey
F,2,電工系,3,3,2,0,0,0,0,1,2,commuting,cwnsye,cwnsey,cnwesy,cwnsey
F,4,已畢業,2,0,1,0,1,0,0,1,2,commuting,cnsywe,cnsyew,cnsewy,cnsyew
F,4,中文系,2,0,2,0,0,0,0,1,2,commuting,ncwsye,ncswey,ncwesy,cnswey
M,4,電機系,2,0,0,2,0,0,0,1,2,resting,nwcsey,nwcsey,ncwesy,nwcsey
F,2,金融系,2,2,1,0,0,0,0,1,2,wakingup,csnwye,csnwey,cnsewy,csnwey
F,4,中文,2,2,1,0,0,0,0,1,2,wakingup,csnwye,csnwey,cnsewy,csnwey
F,4,EE,4,1,4,2,1,0,1,1,3,working,ncswye,ncswey,ncsewy,cnswey
F,2,特教23,3,2,2,2,0,0,0,1,2,wakingup,csnewy,csenwy,cnsewy,csenwy
F,2,工工系,3,2,2,1,0,0,0,2,1,wakingup,ncwsey,ncswey,ncwesy,cnswey
M,2,人社,3,1,2,0,1,0,0,1,3,commuting,ncswye,ncswey,ncsewy,cnswey
M,2,資工系,3,1,0,1,0,0,0,1,2,commuting,cwsney,cwnsey,csweny,cwnsey
M,2,電機,4,2,2,2,0,0,0,1,2,working,ncsewy,nceswy,ncsewy,cneswy
M,2,資工系,4,2,2,2,0,0,0,1,2,resting,csenyw,csenwy,cesnwy,csenwy
M,4,机械系,1,0,1,0,0,0,1,1,2,working,nscwey,nscwey,ncsewy,nscwey
F,2,資工系,3,1,1,2,0,0,0,1,2,wakingup,cesnwy,censwy,cesnwy,censwy
M,2,電機,3,1,1,4,0,0,0,1,2,commuting,ncswye,ncswey,ncsewy,cnswey
F,2,資工,3,2,2,1,0,0,0,1,2,resting,csnwey,csnwey,cnsewy,csnwey
F,2,行銷系,4,1,2,3,0,0,0,1,2,working,cnsewy,cneswy,cnsewy,cneswy
F,1,電機,3,1,1,1,0,0,0,1,2,commuting,scewyn,scewny,scenwy,csewny
M,2,管理科學系,2,2,1,1,0,0,0,1,2,resting,scewny,scewny,scenwy,csewny
F,2,經濟系,2,1,1,1,0,0,0,1,2,resting,necswy,necswy,nceswy,encswy
F,2,機械系,4,2,2,4,1,0,0,1,2,resting,ncswye,ncswey,ncsewy,cnswey
F,0,國小,0,0,0,0,0,0,0,3,2,working,csweny,csewny,csweny,csewny
M,3,材料所,4,2,2,2,0,0,0,1,2,wakingup,csnewy,csenwy,cnsewy,csenwy
M,2,土木,4,1,3,3,1,0,0,1,2,wakingup,ncswey,ncswey,ncsewy,cnswey
M,2,人社系,4,2,2,2,0,0,0,1,2,wakingup,csweny,csewny,csweny,csewny
M,2,資工系,4,2,2,2,0,0,0,1,2,wakingup,cswney,csnwey,csweny,csnwey
M,2,資工系,3,2,2,2,0,0,0,1,2,resting,csnwey,csnwey,cnsewy,csnwey
F,2,工科,4,2,1,4,0,0,0,1,2,wakingup,ncswye,ncswey,ncsewy,cnswey
M,2,資工系,4,?,?,?,?,?,?,3,2,commuting,nywesc,nyewcs,nwyces,nyewcs
M,2,資工系,3,2,2,2,0,0,0,1,2,wakingup,csweny,csewny,csweny,csewny
F,2,工科,4,2,1,4,0,0,0,1,2,commuting,ncswye,ncswey,ncsewy,cnswey
F,4,工業管理科,2,0,0,0,0,0,0,1,2,commuting,csewyn,csewny,cesnwy,csewny
M,3,資工系,3,1,1,2,1,0,0,1,2,working,ncwsey,ncswey,ncwesy,cnswey
M,2,資工,3,1,1,3,0,0,0,1,2,commuting,ncsewy,nceswy,ncsewy,cneswy
M,2,資工系,4,4,1,1,0,0,0,1,2,working,csnwey,csnwey,cnsewy,csnwey
M,3,社畜,4,1,0,2,0,0,1,1,2,wakingup,nwecsy,nwcesy,newcsy,nwcesy
M,2,資財系,4,3,2,0,0,0,0,1,2,wakingup,csenwy,csenwy,cesnwy,csenwy
F,2,數學系,4,4,4,0,1,1,2,1,2,wakingup,cswnye,csnwey,csweny,csnwey
F,4,護理科,2,1,2,0,0,0,0,1,2,resting,csnwey,csnwey,cnsewy,csnwey
F,2,醫學系,3,2,2,0,0,0,0,3,2,resting,csnwey,csnwey,cnsewy,csnwey
F,3,資工系,2,0,1,2,0,0,0,1,2,resting,scwyne,scwyen,scweny,cswyen
M,2,電機系,4,3,1,2,1,0,0,2,1,wakingup,scwnye,scnwey,scweny,csnwey
M,2,資工系,3,?,?,?,?,?,?,1,3,working,csnwye,csnwey,cnsewy,csnwey
M,4,經濟,4,2,3,2,1,0,0,1,2,wakingup,nwcsye,nwcsey,ncwesy,nwcsey
M,3,清大工工,4,3,2,3,1,1,1,1,2,wakingup,scewny,scewny,scenwy,csewny
M,2,經濟,3,2,1,1,0,0,0,1,3,working,wncsey,wncsey,wcnesy,nwcsey
F,4,中文,2,2,1,0,0,0,0,1,2,resting,scnwye,scnwey,scnewy,csnwey
F,2,資工系,4,2,1,3,0,0,0,1,2,wakingup,cwnyse,cwnyes,cnwesy,cwnyes
M,2,人社系,4,2,2,2,0,0,0,1,2,resting,csewny,csewny,cesnwy,csewny
F,4,中文,3,2,2,1,2,0,0,1,2,working,ncwsey,ncswey,ncwesy,cnswey
F,2,資工系,4,4,4,4,0,0,0,1,2,working,csnwye,csnwey,cnsewy,csnwey
F,2,資工,3,?,?,?,?,?,?,1,2,working,csenwy,csenwy,cesnwy,csenwy
M,3,交大應化系,3,2,2,2,0,0,0,1,2,resting,ecsnyw,ecnswy,ecsnwy,censwy
F,4,工業管理科,2,0,0,0,0,0,0,1,2,wakingup,cewnsy,cenwsy,cewnsy,cenwsy
M,2,資工系,4,4,1,4,0,0,0,1,2,commuting,csenyw,csenwy,cesnwy,csenwy
M,4,机械系,1,0,1,0,0,0,1,1,2,resting,ncswye,ncswey,ncsewy,cnswey
F,2,資訊工程系,3,2,2,1,0,0,0,1,2,working,cswney,csnwey,csweny,csnwey
M,2,資工系,4,3,3,1,1,0,0,1,2,commuting,csewny,csewny,cesnwy,csewny
M,2,資工系,4,4,3,4,2,0,0,1,2,resting,scnwye,scnwey,scnewy,csnwey
F,4,會計系,2,1,1,1,0,0,0,1,2,wakingup,cswney,csnwey,csweny,csnwey
F,2,文資系,2,1,0,2,0,0,0,1,2,commuting,ncswey,ncswey,ncsewy,cnswey
F,4,中文系,2,0,2,0,0,0,0,1,2,working,ncwsye,ncswey,ncwesy,cnswey
M,3,生醫所,4,1,2,0,0,0,0,1,2,wakingup,ncswey,ncswey,ncsewy,cnswey
M,3,資工,4,4,4,0,0,0,0,1,2,commuting,scnewy,scenwy,scnewy,csenwy
M,4,工業工程,0,0,0,0,0,0,0,1,2,commuting,nwcsye,nwcsey,ncwesy,nwcsey
F,2,經濟系,2,1,1,1,0,0,0,1,2,commuting,ncsewy,nceswy,ncsewy,cneswy
F,4,企業管理,1,0,0,1,0,0,0,1,2,resting,ncswye,ncswey,ncsewy,cnswey
F,2,資工系,2,?,?,?,?,?,?,1,3,wakingup,cnswey,cnswey,cnsewy,cnswey
M,4,無,2,1,2,0,1,0,1,1,3,resting,scwney,scnwey,scweny,csnwey
M,2,電機系,4,2,1,4,0,0,0,1,2,working,csweny,csewny,csweny,csewny
F,2,資工,2,1,1,1,0,0,0,1,2,working,csenwy,csenwy,cesnwy,csenwy
F,2,教科系,3,2,0,0,0,0,1,2,1,working,ncswye,ncswey,ncsewy,cnswey
M,2,人社學士班,3,2,1,1,0,0,0,1,2,working,cnswye,cnswey,cnsewy,cnswey
F,3,經濟,4,2,1,2,1,1,1,1,2,resting,csenwy,csenwy,cesnwy,csenwy
M,1,物理系,3,1,2,2,0,0,0,1,2,resting,nywesc,nyewcs,nwyces,nyewcs
M,2,計財,2,0,0,2,0,0,0,1,3,working,scewyn,scewny,scenwy,csewny
M,2,電機系,3,1,1,2,0,0,0,1,2,commuting,csewny,csewny,cesnwy,csewny
F,2,電工系,3,3,2,0,0,0,0,1,2,working,cnsywe,cnsyew,cnsewy,cnsyew
F,2,資工系,3,3,2,1,0,0,0,1,2,wakingup,csenwy,csenwy,cesnwy,csenwy
M,2,計財系,3,2,1,2,0,0,0,1,2,commuting,scnywe,scnyew,scnewy,csnyew
F,2,工工系,3,2,2,1,0,0,0,2,1,working,csenwy,csenwy,cesnwy,csenwy
F,2,教科系,3,1,0,3,0,0,0,1,2,wakingup,cnseyw,cneswy,cnsewy,cneswy
M,2,資財系,4,3,2,0,0,0,0,1,2,resting,csenwy,csenwy,cesnwy,csenwy
F,2,資工系,3,2,2,0,0,0,0,1,2,wakingup,csnwey,csnwey,cnsewy,csnwey
M,2,電資,3,1,1,2,1,0,0,1,2,wakingup,cewsyn,ceswny,cewnsy,ceswny
M,2,奈米學士班,0,0,2,3,4,2,1,3,2,commuting,cwseny,cwesny,csweny,cwesny
M,2,資工系,4,?,?,?,?,?,?,1,2,resting,csnwey,csnwey,cnsewy,csnwey
M,3,資工所,1,1,0,0,0,0,0,1,2,working,ncwsye,ncswey,ncwesy,cnswey
F,2,資工,2,1,1,1,0,0,0,1,2,wakingup,csewny,csewny,cesnwy,csewny
F,2,英教系,4,4,4,4,0,0,0,1,2,commuting,cseynw,cseynw,cesnwy,cseynw
F,2,中山大學化學系,4,2,1,3,0,0,0,1,2,wakingup,swecyn,swceny,sewcny,swceny
M,4,食品研究所,4,2,2,2,0,0,0,1,2,resting,csnywe,csnyew,cnsewy,csnyew
F,2,資工系,4,3,1,1,0,0,0,1,2,wakingup,cwnsey,cwnsey,cnwesy,cwnsey
F,2,應用化學系,4,3,3,2,0,0,0,1,2,commuting,wcnsey,wcnsey,wcnesy,cwnsey
M,2,資工系,4,4,1,4,0,0,0,1,2,working,csenyw,csenwy,cesnwy,csenwy
M,2,資工系,3,1,0,1,0,0,0,1,2,working,csweny,csewny,csweny,csewny
F,2,人社,3,2,1,1,0,0,0,1,2,working,nwscey,nwcsey,nswcey,nwcsey
F,2,資工,3,?,?,?,?,?,?,1,2,resting,escwny,escwny,ecsnwy,escwny
F,4,EE,4,1,4,2,1,0,1,1,3,wakingup,ncswye,ncswey,ncsewy,cnswey
M,2,電資,3,1,1,2,1,0,0,1,2,resting,ewcsyn,ewcsny,ecwnsy,ewcsny
M,2,材料系,3,2,2,0,0,0,1,1,2,working,nscewy,nscewy,ncsewy,nscewy
F,2,資工,1,1,1,1,0,0,0,2,1,resting,csenwy,csenwy,cesnwy,csenwy
F,2,數學系,4,4,4,0,1,1,2,1,2,resting,cswnye,csnwey,csweny,csnwey
F,2,醫放系,3,1,2,0,0,0,0,1,2,wakingup,cnsewy,cneswy,cnsewy,cneswy
F,2,歷史系,4,3,1,3,1,0,0,1,2,commuting,nwcsye,nwcsey,ncwesy,nwcsey
F,4,中文,3,2,2,1,2,0,0,1,2,resting,wsceny,wsceny,wcseny,swceny
F,4,資料處理科,2,1,0,1,0,0,0,1,2,commuting,enscwy,encswy,enscwy,encswy
F,4,會計系,2,1,1,1,0,0,0,1,2,working,csnewy,csenwy,cnsewy,csenwy
M,2,資工系,3,1,1,2,0,0,0,1,2,commuting,cwnsey,cwnsey,cnwesy,cwnsey
F,2,清華大學 工業工程與工程管理學系,3,1,2,1,1,0,0,1,2,working,cnswey,cnswey,cnsewy,cnswey
F,2,資工,3,?,?,?,?,?,?,1,2,wakingup,ncsewy,nceswy,ncsewy,cneswy
F,2,醫環系,3,2,1,2,0,0,0,1,2,working,nwcsey,nwcsey,ncwesy,nwcsey
F,2,法律系,3,2,2,0,1,0,0,1,2,working,scewyn,scewny,scenwy,csewny
F,2,資訊工程系,3,2,2,4,1,0,0,1,3,commuting,ncswey,ncswey,ncsewy,cnswey
M,2,工學院學士班,2,2,1,0,0,0,0,1,2,commuting,cnwyse,cnwyes,cnwesy,cnwyes
F,2,醫放系,3,1,2,0,0,0,0,1,2,working,cnswey,cnswey,cnsewy,cnswey
F,3,資工系,2,0,1,2,0,0,0,1,2,working,wnycse,wncyes,wnyces,nwcyes
F,2,資工,1,1,1,1,0,0,0,2,1,commuting,nwcsey,nwcsey,ncwesy,nwcsey
M,2,資工系,4,3,3,3,1,1,1,2,1,resting,cesnyw,censwy,cesnwy,censwy
M,2,電機系,4,2,1,4,0,0,0,1,2,resting,ecswny,ecswny,ecsnwy,ceswny
F,2,電物,2,1,1,0,0,0,0,1,2,resting,csenwy,csenwy,cesnwy,csenwy
M,2,電機系,4,2,1,4,0,0,0,1,2,wakingup,ceswny,ceswny,cesnwy,ceswny
M,2,資工系,4,?,?,?,?,?,?,1,2,commuting,csnwey,csnwey,cnsewy,csnwey
F,2,資工系,4,4,4,4,0,0,0,1,2,commuting,csnwye,csnwey,cnsewy,csnwey
F,4,中文,2,2,1,0,0,0,0,1,2,commuting,scnwye,scnwey,scnewy,csnwey
M,2,醫環系,1,1,0,2,0,0,0,1,2,commuting,nscewy,nscewy,ncsewy,nscewy
M,2,資工系,4,2,2,2,0,0,0,1,2,commuting,csenyw,csenwy,cesnwy,csenwy
F,1,經濟系,3,2,2,1,1,1,0,3,2,working,scewyn,scewny,scenwy,csewny
M,2,資工,3,2,1,2,1,0,1,1,2,resting,swecny,swceny,sewcny,swceny
M,1,電機,2,1,1,1,0,0,0,1,2,commuting,nwcesy,nwcesy,ncwesy,nwcesy
F,2,資工系,3,2,1,0,0,0,0,1,2,commuting,csnywe,csnyew,cnsewy,csnyew
M,2,奈米學士班,0,0,2,3,4,2,1,3,2,working,ecsnyw,ecnswy,ecsnwy,censwy
F,2,衛教系,4,1,2,3,0,0,0,1,2,commuting,necswy,necswy,nceswy,encswy
M,2,材料,3,1,1,2,0,0,0,1,2,working,csnwey,csnwey,cnsewy,csnwey
F,2,資工系,4,3,2,3,0,0,0,1,2,resting,scenwy,scenwy,scenwy,csenwy
M,2,資工,3,2,1,2,1,0,1,1,2,working,cnswye,cnswey,cnsewy,cnswey
F,2,文資系,2,1,0,2,0,0,0,1,2,resting,ecswny,ecswny,ecsnwy,ceswny
F,2,教科系,3,2,0,0,0,0,1,2,1,wakingup,cnwsye,cnswey,cnwesy,cnswey
F,3,服科所,3,2,1,0,0,0,0,1,2,wakingup,ncwsey,ncswey,ncwesy,cnswey
F,4,工業管理科,2,0,0,0,0,0,0,1,2,working,enwscy,enswcy,enwcsy,enswcy
F,4,已畢業,2,0,1,0,1,0,0,1,2,resting,cwysne,cwsyen,cwyens,cwsyen
F,2,數學系,4,4,4,0,1,1,2,1,2,working,cswnye,csnwey,csweny,csnwey
F,4,會計系,2,1,1,1,0,0,0,1,2,commuting,csnewy,csenwy,cnsewy,csenwy
F,1,清大心諮系,2,1,1,0,0,0,0,1,2,wakingup,csnwey,csnwey,cnsewy,csnwey
F,2,統計系,3,2,0,2,0,0,0,1,2,commuting,cnywse,cnwyes,cnyesw,cnwyes
F,2,物理系,4,1,1,3,0,0,0,1,2,resting,cwseny,cwesny,csweny,cwesny
F,2,資工系,4,3,1,1,0,0,0,1,2,commuting,cwnsey,cwnsey,cnwesy,cwnsey
M,2,資工系,2,1,0,1,0,0,0,1,2,wakingup,csweny,csewny,csweny,csewny
M,2,資工系,4,2,2,2,0,0,0,1,2,resting,cswney,csnwey,csweny,csnwey
F,2,資工系,3,1,1,2,0,0,0,1,2,commuting,csenwy,csenwy,cesnwy,csenwy
F,2,資工,1,1,1,1,0,0,0,2,1,wakingup,csenyw,csenwy,cesnwy,csenwy
F,1,資工,4,3,3,3,0,0,0,1,2,commuting,scenwy,scenwy,scenwy,csenwy
F,4,電子資料處理,4,4,4,4,0,0,0,1,2,working,cnwsey,cnswey,cnwesy,cnswey
F,3,傳播所,3,2,2,0,0,0,0,1,2,wakingup,ncwyes,ncwyes,ncwesy,cnwyes
M,2,計財,2,0,0,2,0,0,0,1,3,commuting,scewyn,scewny,scenwy,csewny
F,2,工工系,3,0,1,2,0,0,0,1,2,working,ncswey,ncswey,ncsewy,cnswey
M,2,電機,4,2,2,1,0,0,0,1,2,wakingup,cwesny,cwesny,cewnsy,cwesny
M,2,資訊工程學系,2,2,2,1,0,0,0,1,3,resting,csewny,csewny,cesnwy,csewny
M,4,机械系,1,0,1,0,0,0,1,1,2,commuting,ncswye,ncswey,ncsewy,cnswey
M,2,化學,2,1,0,2,1,0,0,3,2,wakingup,nwcsye,nwcsey,ncwesy,nwcsey
M,2,資工系,4,3,3,1,1,0,0,1,2,working,csnwey,csnwey,cnsewy,csnwey
F,2,醫學系,4,3,2,3,0,0,0,1,2,commuting,csnewy,csenwy,cnsewy,csenwy
F,2,資工系,3,?,?,?,?,?,?,1,2,resting,nsecwy,nscewy,nescwy,nscewy
M,4,生命科學系,2,0,1,2,1,0,0,1,2,working,ncwyse,ncwyes,ncwesy,cnwyes
M,3,資工所,1,1,0,0,0,0,0,1,2,wakingup,csnwey,csnwey,cnsewy,csnwey
M,2,資工系,2,1,2,0,0,0,1,1,2,wakingup,nwcyse,nwcyes,ncwesy,nwcyes
M,2,電機,4,2,2,2,0,0,0,1,2,commuting,csnewy,csenwy,cnsewy,csenwy
M,2,資工系,4,3,3,1,1,0,0,1,2,resting,csenwy,csenwy,cesnwy,csenwy
M,2,不分系,2,1,2,1,1,0,1,2,1,working,secywn,secynw,scenwy,escynw
M,2,經濟,3,2,1,1,0,0,0,1,3,wakingup,nwcsey,nwcsey,ncwesy,nwcsey
F,2,中山大學化學系,4,2,1,3,0,0,0,1,2,working,nwyecs,nweycs,nwyces,nweycs
M,2,材料系 ,2,0,1,1,0,0,0,1,2,commuting,ncwsey,ncswey,ncwesy,cnswey
M,2,資工系,2,1,0,1,0,0,0,1,2,working,csewny,csewny,cesnwy,csewny
M,2,資工系,3,1,1,1,0,0,0,1,2,working,nscwye,nscwey,ncsewy,nscwey
M,1,物理系,3,1,2,2,0,0,0,1,2,working,nyewsc,nyewcs,neycsw,nyewcs
F,2,工工系,3,0,1,2,0,0,0,1,2,commuting,ncwsey,ncswey,ncwesy,cnswey
F,2,資工系,4,3,0,4,0,0,0,1,2,resting,nscewy,nscewy,ncsewy,nscewy
F,4,工管,2,0,0,0,0,0,0,1,2,commuting,nwcsey,nwcsey,ncwesy,nwcsey
M,2,資工系,3,1,0,1,0,0,0,1,2,resting,csnewy,csenwy,cnsewy,csenwy
F,4,機械,1,1,0,0,1,0,0,1,2,commuting,scewyn,scewny,scenwy,csewny
F,2,財金,1,0,1,0,1,0,0,3,2,wakingup,wcysne,wcsyen,wcyens,cwsyen
M,3,材料所,3,1,1,2,0,0,0,1,2,resting,cwnsey,cwnsey,cnwesy,cwnsey
F,3,服科所,3,2,1,0,0,0,0,1,2,resting,csenwy,csenwy,cesnwy,csenwy
M,2,資訊工程系,2,2,1,1,0,0,0,1,2,resting,csewny,csewny,cesnwy,csewny
M,3,材料所,3,1,1,2,0,0,0,1,2,commuting,cwnsey,cwnsey,cnwesy,cwnsey
F,2,資工系,3,2,1,0,0,0,0,1,2,resting,csnywe,csnyew,cnsewy,csnyew
F,2,資工,2,1,1,0,0,0,0,1,2,resting,ecswny,ecswny,ecsnwy,ceswny
F,2,商學院 國貿系,4,2,2,0,0,0,0,1,2,resting,csewny,csewny,cesnwy,csewny
F,2,資工,3,1,0,3,0,0,0,1,2,commuting,csnwey,csnwey,cnsewy,csnwey
M,2,資工11,3,2,1,1,1,0,1,1,2,resting,cswney,csnwey,csweny,csnwey
M,2,資工,4,4,1,0,0,0,0,1,2,wakingup,cnwsye,cnswey,cnwesy,cnswey
M,2,資工,3,1,1,3,0,0,0,1,2,resting,escnwy,escnwy,ecsnwy,escnwy
F,1,心諮系,2,2,1,0,0,0,0,1,2,working,csnwey,csnwey,cnsewy,csnwey
F,2,工工系,3,0,1,2,0,0,0,1,2,wakingup,ncwsey,ncswey,ncwesy,cnswey
F,1,經濟系,3,2,2,1,1,1,0,3,2,commuting,csewyn,csewny,cesnwy,csewny
F,2,資工系,3,?,?,?,?,?,?,1,2,working,ncsywe,ncsyew,ncsewy,cnsyew
F,2,人社,3,2,1,1,0,0,0,1,2,resting,nscewy,nscewy,ncsewy,nscewy
M,3,社畜,4,1,0,2,0,0,1,1,2,resting,csweny,csewny,csweny,csewny
M,4,事業經營管理研究所,2,1,2,0,1,0,0,1,2,working,cnswye,cnswey,cnsewy,cnswey
M,2,經濟,3,2,1,1,0,0,0,1,3,resting,cwnyes,cwnyes,cnwesy,cwnyes
F,2,護理系,3,2,1,1,0,0,0,1,2,commuting,scnewy,scenwy,scnewy,csenwy
M,4,電機系,2,0,0,2,0,0,0,1,2,wakingup,nwcsey,nwcsey,ncwesy,nwcsey
M,2,資工11,4,1,0,3,0,0,0,1,2,working,cesnyw,censwy,cesnwy,censwy
F,2,數學系,4,3,1,1,1,0,0,1,2,working,scwnye,scnwey,scweny,csnwey
F,1,資工,3,1,3,0,0,0,0,1,2,resting,ncsyew,ncsyew,ncsewy,cnsyew
F,4,台大中文系畢業,3,1,2,0,0,0,0,1,2,commuting,cnswey,cnswey,cnsewy,cnswey
F,4,工管,2,0,0,0,0,0,0,1,2,working,nwcsey,nwcsey,ncwesy,nwcsey
F,2,電物,2,1,1,0,0,0,0,1,2,commuting,scwney,scnwey,scweny,csnwey
F,2,資工系,3,3,2,1,0,0,0,1,2,commuting,cwnyse,cwnyes,cnwesy,cwnyes
M,3,生醫所,4,1,2,0,0,0,0,1,2,resting,csweyn,csewny,csweny,csewny
F,2,商學院 國貿系,4,2,2,0,0,0,0,1,2,working,cswney,csnwey,csweny,csnwey
M,2,化工系,2,1,1,1,1,0,0,3,2,wakingup,ywescn,ywescn,yewcns,wyescn
F,2,資工,1,1,1,1,0,0,0,2,1,working,ncseyw,nceswy,ncsewy,cneswy
F,2,醫放系,3,1,2,0,0,0,0,1,2,commuting,cnswey,cnswey,cnsewy,cnswey
M,2,數據所,4,2,2,0,0,0,0,1,2,working,scenwy,scenwy,scenwy,csenwy
M,3,資工所,1,1,0,0,0,0,0,1,2,commuting,wsncey,wscney,wnscey,swcney
F,2,資工系,1,?,?,?,?,?,?,1,2,wakingup,ncswey,ncswey,ncsewy,cnswey
M,2,資工系,3,1,1,1,0,0,0,1,2,wakingup,ncswey,ncswey,ncsewy,cnswey
F,1,電機,3,1,1,1,0,0,0,1,2,resting,scewyn,scewny,scenwy,csewny
M,2,資財系,4,3,2,0,0,0,0,1,2,commuting,csenwy,csenwy,cesnwy,csenwy
F,2,物理系,4,1,1,3,0,0,0,1,2,wakingup,cnswey,cnswey,cnsewy,cnswey
F,2,資工,3,1,0,3,0,0,0,1,2,working,csywen,cswyen,csyenw,cswyen
F,4,金融所,3,2,2,0,0,0,0,1,2,wakingup,nwcsey,nwcsey,ncwesy,nwcsey
M,2,資工,4,4,1,0,0,0,0,1,2,resting,nscewy,nscewy,ncsewy,nscewy
F,2,資工,3,2,2,1,0,0,0,1,2,commuting,cwsyne,cwsyen,csweny,cwsyen
F,1,原科院學士班,1,1,1,1,0,0,0,1,2,wakingup,scewyn,scewny,scenwy,csewny
F,2,醫學系,3,2,2,0,0,0,0,3,2,working,cswney,csnwey,csweny,csnwey
M,2,人社學士班,3,2,1,1,0,0,0,1,2,wakingup,scnwey,scnwey,scnewy,csnwey
M,2,資訊工程學系,2,2,2,1,0,0,0,1,3,wakingup,cnsewy,cneswy,cnsewy,cneswy
M,3,資工系,3,1,1,2,1,0,0,1,2,wakingup,cnwsey,cnswey,cnwesy,cnswey
M,4,材料,4,3,3,2,2,0,0,2,1,wakingup,csnwey,csnwey,cnsewy,csnwey
F,1,經濟系,3,2,2,1,1,1,0,3,2,wakingup,ywesnc,ywescn,yewcns,wyescn
M,2,資工,3,1,0,2,1,0,0,1,2,working,cnsewy,cneswy,cnsewy,cneswy
M,2,資工系,3,1,1,2,0,0,0,1,2,wakingup,cwnsye,cwnsey,cnwesy,cwnsey
F,2,清華大學 工業工程與工程管理學系,3,1,2,1,1,0,0,1,2,wakingup,cnswey,cnswey,cnsewy,cnswey
F,2,人社,2,2,2,0,0,0,0,1,2,working,nscwey,nscwey,ncsewy,nscwey
F,2,電機工程學系,1,2,1,0,1,0,0,1,2,wakingup,csewyn,csewny,cesnwy,csewny
F,2,電機所,3,0,4,2,1,1,1,1,2,wakingup,cnwsye,cnswey,cnwesy,cnswey
F,2,文資系,2,1,0,2,0,0,0,1,2,resting,ecswny,ecswny,ecsnwy,ceswny
F,2,資工系,3,2,2,0,0,0,0,1,2,commuting,cwnsey,cwnsey,cnwesy,cwnsey
F,4,建國,4,1,0,2,0,0,0,1,2,working,scewyn,scewny,scenwy,csewny
M,3,衛教係,3,0,1,2,0,0,0,1,2,wakingup,scewyn,scewny,scenwy,csewny
F,2,機械系,4,2,2,4,1,0,0,1,2,commuting,ncswye,ncswey,ncsewy,cnswey
F,2,教育學院學士班,3,2,2,0,0,0,0,1,2,working,wcsney,wcnsey,wcseny,cwnsey
M,2,工工,3,1,1,1,0,0,0,1,2,commuting,csewyn,csewny,cesnwy,csewny
M,2,資工系,3,?,?,?,?,?,?,1,3,commuting,cnwsye,cnswey,cnwesy,cnswey
M,3,清大工工,4,3,2,3,1,1,1,1,2,working,cnwesy,cnewsy,cnwesy,cnewsy
F,1,資工,4,3,3,3,0,0,0,1,2,resting,scweny,scewny,scweny,csewny
M,2,資工系,2,1,0,1,0,0,0,1,2,commuting,ecswny,ecswny,ecsnwy,ceswny
M,2,資工系,4,2,2,2,0,0,0,1,2,working,cwsney,cwnsey,csweny,cwnsey
M,2,資工,3,1,1,1,2,0,0,1,2,resting,scynwe,scnyew,scyenw,csnyew
F,2,法律系,3,2,2,0,1,0,0,1,2,commuting,scweny,scewny,scweny,csewny
M,2,清大動機,2,1,1,1,0,0,0,1,2,commuting,scewny,scewny,scenwy,csewny
F,4,工管,2,0,0,0,0,0,0,1,2,wakingup,cwenys,cwensy,cewnsy,cwensy
F,2,資工,4,1,2,4,0,0,0,1,2,working,nycsew,nycsew,ncyesw,nycsew
M,1,電機,2,1,1,1,0,0,0,1,2,working,ncswye,ncswey,ncsewy,cnswey
M,4,食品研究所,4,2,2,2,0,0,0,1,2,working,ncsywe,ncsyew,ncsewy,cnsyew
M,4,材料,3,0,1,1,1,0,0,1,2,resting,csewny,csewny,cesnwy,csewny
M,3,資工,4,4,4,0,0,0,0,1,2,resting,scnewy,scenwy,scnewy,csenwy
M,2,資工系,4,1,1,4,1,0,0,1,2,wakingup,csnywe,csnyew,cnsewy,csnyew
M,2,資工,3,2,1,2,1,0,1,1,2,commuting,ncsewy,nceswy,ncsewy,cneswy
F,2,電機所,3,0,4,2,1,1,1,1,2,commuting,cnwyse,cnwyes,cnwesy,cnwyes
F,4,經濟,4,1,2,1,1,1,2,1,2,commuting,ncsewy,nceswy,ncsewy,cneswy
F,2,人社系,3,3,1,1,1,0,0,1,2,wakingup,csywne,cswyen,csyenw,cswyen
M,2,資工系,4,3,3,3,1,1,1,2,1,working,scewyn,scewny,scenwy,csewny
F,4,食品營養科,1,1,1,1,0,0,0,1,2,wakingup,nwcsey,nwcsey,ncwesy,nwcsey
F,2,商學院,4,2,2,4,0,0,1,1,2,working,csnwey,csnwey,cnsewy,csnwey
M,3,材料所,3,1,1,2,0,0,0,1,2,working,cwnsey,cwnsey,cnwesy,cwnsey
M,2,清大動機,2,1,1,1,0,0,0,1,2,wakingup,ncsewy,nceswy,ncsewy,cneswy
F,2,商學院,4,2,2,4,0,0,1,1,2,resting,csnwey,csnwey,cnsewy,csnwey
F,2,財金,1,0,1,0,1,0,0,3,2,working,wcysne,wcsyen,wcyens,cwsyen
M,2,材料23,4,2,1,2,0,0,0,1,2,resting,escwny,escwny,ecsnwy,escwny
M,2,資工,4,?,?,?,?,?,?,1,2,working,wncsey,wncsey,wcnesy,nwcsey
F,4,EE,4,1,4,2,1,0,1,1,3,commuting,ncsywe,ncsyew,ncsewy,cnsyew
M,2,資工系,3,?,?,?,?,?,?,1,3,resting,csewyn,csewny,cesnwy,csewny
M,2,資工系,4,?,?,?,?,?,?,1,2,wakingup,ncswey,ncswey,ncsewy,cnswey
M,3,社畜,4,1,0,2,0,0,1,1,2,commuting,wsceny,wsceny,wcseny,swceny
M,3,交大應化系,3,2,2,2,0,0,0,1,2,commuting,ecsnyw,ecnswy,ecsnwy,censwy
M,2,數學系,3,?,?,?,?,?,?,1,2,working,cswyen,cswyen,csweny,cswyen
M,2,資工系,2,1,2,0,0,0,1,1,2,working,ncsywe,ncsyew,ncsewy,cnsyew
M,2,資工,4,?,?,?,?,?,?,1,2,wakingup,necswy,necswy,nceswy,encswy
F,4,應用統計,2,1,1,0,0,0,0,1,2,working,nwcsye,nwcsey,ncwesy,nwcsey
F,2,化工系,2,1,1,1,0,0,0,1,2,working,cnwsey,cnswey,cnwesy,cnswey
M,4,材料,3,0,1,1,1,0,0,1,2,commuting,cwesny,cwesny,cewnsy,cwesny
M,2,數學系,4,?,?,?,?,?,?,1,2,wakingup,ncsewy,nceswy,ncsewy,cneswy
F,2,人社,3,2,1,1,0,0,0,1,2,wakingup,nscwey,nscwey,ncsewy,nscwey
F,2,資工系,3,2,2,0,0,0,0,1,2,resting,csewny,csewny,cesnwy,csewny
F,4,中文,3,2,2,1,2,0,0,1,2,commuting,cnwsey,cnswey,cnwesy,cnswey
F,2,資工系,2,?,?,?,?,?,?,1,3,resting,csnewy,csenwy,cnsewy,csenwy
F,4,應用化學,3,1,1,0,1,0,0,1,2,resting,nwcsye,nwcsey,ncwesy,nwcsey
M,2,資工系,2,1,0,2,0,0,0,1,2,working,ncwsye,ncswey,ncwesy,cnswey
M,2,電機系,3,1,1,2,0,0,0,1,2,working,csenwy,csenwy,cesnwy,csenwy
M,2,資工系,3,1,0,1,0,0,0,1,2,wakingup,csenwy,csenwy,cesnwy,csenwy
F,1,資工,3,1,3,0,0,0,0,1,2,working,ncsewy,nceswy,ncsewy,cneswy
M,2,資工11,4,1,0,3,0,0,0,1,2,resting,censyw,censwy,censwy,censwy
F,2,資工,3,0,0,4,0,0,0,1,2,resting,escwny,escwny,ecsnwy,escwny
F,2,資工系,4,3,0,4,0,0,0,1,2,wakingup,ncsewy,nceswy,ncsewy,cneswy
M,2,資工系,2,1,2,0,0,0,1,1,2,resting,ncswye,ncswey,ncsewy,cnswey
M,2,電機系,3,1,1,2,0,0,0,1,2,wakingup,csnwey,csnwey,cnsewy,csnwey
M,2,人社,3,1,2,0,1,0,0,1,3,working,nscwye,nscwey,ncsewy,nscwey
M,2,電子物理系,4,3,2,2,1,0,0,3,2,wakingup,csnwey,csnwey,cnsewy,csnwey
M,2,資工,3,1,1,1,2,0,0,1,2,wakingup,scynew,scnyew,scyenw,csnyew
F,2,統計系,3,2,0,2,0,0,0,1,2,working,ncwyse,ncwyes,ncwesy,cnwyes
F,2,資工系,4,2,1,3,0,0,0,1,2,commuting,cwseyn,cwesny,csweny,cwesny
F,2,資工系,3,1,0,2,0,0,0,3,1,wakingup,nwcesy,nwcesy,ncwesy,nwcesy
M,2,資工系,4,1,1,4,0,0,0,1,2,working,ncswey,ncswey,ncsewy,cnswey
F,2,特教24,4,4,3,1,0,2,0,1,2,working,wsceny,wsceny,wcseny,swceny
F,2,資工系,3,2,1,2,0,0,0,1,2,working,cywnse,cynwes,cwyens,cynwes
F,2,醫學系,3,2,2,0,0,0,0,3,2,commuting,csewny,csewny,cesnwy,csewny
M,2,機電系,3,2,3,1,0,0,0,1,2,wakingup,csewyn,csewny,cesnwy,csewny
F,4,金融所,3,2,2,0,0,0,0,1,2,commuting,csewny,csewny,cesnwy,csewny
M,1,電機,2,1,1,1,0,0,0,1,2,resting,nycwse,nycwes,ncyesw,nycwes
F,2,資工,3,1,0,3,0,0,0,1,2,wakingup,ncswye,ncswey,ncsewy,cnswey
M,2,資工系,3,0,2,2,0,0,0,1,2,working,ncsewy,nceswy,ncsewy,cneswy
F,2,電機所,3,0,4,2,1,1,1,1,2,resting,cnwsye,cnswey,cnwesy,cnswey
F,2,電工系,3,3,2,0,0,0,0,1,2,resting,csnewy,csenwy,cnsewy,csenwy
F,2,化工系,2,1,1,1,0,0,0,1,2,wakingup,cesnwy,censwy,cesnwy,censwy
F,2,醫管系,3,2,1,2,0,0,0,1,2,resting,scwnye,scnwey,scweny,csnwey
M,3,工科所,2,1,1,2,0,0,0,1,2,wakingup,cwnesy,cwensy,cnwesy,cwensy
M,2,工學院學士班,2,2,1,0,0,0,0,1,2,resting,cnwyse,cnwyes,cnwesy,cnwyes
M,4,事業經營管理研究所,2,1,2,0,1,0,0,1,2,resting,cnswye,cnswey,cnsewy,cnswey
M,2,計財系,3,2,1,2,0,0,0,1,2,working,scnwye,scnwey,scnewy,csnwey
M,3,衛教係,3,0,1,2,0,0,0,1,2,resting,ecswyn,ecswny,ecsnwy,ceswny
F,2,應用化學系,4,3,3,2,0,0,0,1,2,working,ncwsye,ncswey,ncwesy,cnswey
F,2,教科系,3,2,0,0,0,0,1,2,1,resting,csnwye,csnwey,cnsewy,csnwey
M,4,地球科學,4,1,1,1,1,0,0,2,1,resting,ncwsey,ncswey,ncwesy,cnswey
F,2,資工,2,1,1,1,0,0,0,1,2,resting,csenwy,csenwy,cesnwy,csenwy
F,2,資工系,3,1,1,2,0,0,0,1,2,resting,cesnwy,censwy,cesnwy,censwy
M,2,材料23,4,2,1,2,0,0,0,1,2,commuting,csewny,csewny,cesnwy,csewny
F,1,資工,4,3,3,3,0,0,0,1,2,wakingup,scnewy,scenwy,scnewy,csenwy
M,2,機電系,3,2,3,1,0,0,0,1,2,resting,csewyn,csewny,cesnwy,csewny
M,2,機電系,3,2,3,1,0,0,0,1,2,working,csewyn,csewny,cesnwy,csewny
M,4,生命科學系,2,0,1,2,1,0,0,1,2,wakingup,nycwse,nycwes,ncyesw,nycwes
F,2,電工系,3,3,2,0,0,0,0,1,2,wakingup,cnswye,cnswey,cnsewy,cnswey
F,2,資工,4,1,2,4,0,0,0,1,2,wakingup,ncyswe,ncsyew,ncyesw,cnsyew
M,2,材料系,3,2,2,0,0,0,1,1,2,wakingup,nscewy,nscewy,ncsewy,nscewy
M,2,人社系,4,2,2,2,0,0,0,1,2,working,csweny,csewny,csweny,csewny
F,2,金融系,2,2,1,0,0,0,0,1,2,commuting,csnwye,csnwey,cnsewy,csnwey
M,4,地球科學,4,1,1,1,1,0,0,2,1,working,ncwsey,ncswey,ncwesy,cnswey
F,1,經濟系,3,2,2,1,1,1,0,3,2,resting,scewyn,scewny,scenwy,csewny
M,2,土木,4,1,3,3,1,0,0,1,2,commuting,nwcsey,nwcsey,ncwesy,nwcsey
F,2,資工,3,?,?,?,?,?,?,1,2,commuting,escwny,escwny,ecsnwy,escwny
M,3,材料所,4,2,2,2,0,0,0,1,2,working,csewny,csewny,cesnwy,csewny
M,2,土木,4,1,3,3,1,0,0,1,2,working,ncswey,ncswey,ncsewy,cnswey
M,2,計財系,3,2,1,2,0,0,0,1,2,wakingup,csynwe,csnyew,csyenw,csnyew
F,2,心諮系,2,1,0,1,0,0,0,1,2,wakingup,cnswey,cnswey,cnsewy,cnswey
M,3,資工所,2,1,0,2,0,0,0,2,1,resting,sncewy,sncewy,scnewy,nscewy
F,4,機械,1,1,0,0,1,0,0,1,2,resting,scewyn,scewny,scenwy,csewny
F,4,資料處理科,2,1,0,1,0,0,0,1,2,resting,scnwye,scnwey,scnewy,csnwey
M,2,清大動機,2,1,1,1,0,0,0,1,2,resting,scewny,scewny,scenwy,csewny
M,1,生科系,2,4,3,0,1,2,3,1,2,commuting,scnywe,scnyew,scnewy,csnyew
F,2,化工系,2,1,1,1,0,0,0,1,2,resting,cesnwy,censwy,cesnwy,censwy
M,2,不分系,2,1,2,1,1,0,1,2,1,commuting,sceywn,sceynw,scenwy,cseynw
F,2,資工,3,2,2,1,0,0,0,1,2,commuting,csnwey,csnwey,cnsewy,csnwey
F,2,心諮系,2,1,0,1,0,0,0,1,2,commuting,cwnsey,cwnsey,cnwesy,cwnsey
M,3,生醫所,4,1,2,0,0,0,0,1,2,working,ncswye,ncswey,ncsewy,cnswey
F,2,資工系,1,1,0,0,0,0,0,1,2,wakingup,nwcsey,nwcsey,ncwesy,nwcsey
F,2,資工系,3,2,1,2,0,0,0,1,2,resting,scewyn,scewny,scenwy,csewny
M,2,資工系,4,2,2,2,0,0,0,1,2,wakingup,csenyw,csenwy,cesnwy,csenwy
M,2,資工系,2,1,1,1,0,0,0,1,2,working,ncwsey,ncswey,ncwesy,cnswey
F,2,資工系,3,2,2,1,0,1,1,1,2,working,ncswey,ncswey,ncsewy,cnswey
M,3,資工,4,4,4,0,0,0,0,1,2,wakingup,scnewy,scenwy,scnewy,csenwy
F,2,文資系,2,1,0,2,0,0,0,1,2,wakingup,ncswey,ncswey,ncsewy,cnswey
F,2,資工,3,1,0,3,0,0,0,1,2,resting,ncswey,ncswey,ncsewy,cnswey
F,2,資工系,3,2,1,0,0,0,0,1,2,wakingup,csnywe,csnyew,cnsewy,csnyew
M,2,計財系,3,2,1,2,0,0,0,1,2,resting,scnywe,scnyew,scnewy,csnyew
F,4,國貿科,1,1,2,0,1,0,0,1,2,resting,cnwsye,cnswey,cnwesy,cnswey
M,2,電機,4,2,2,1,0,0,0,1,2,commuting,cwesyn,cwesny,cewnsy,cwesny
F,2,特教23,3,2,2,2,0,0,0,1,2,commuting,csnewy,csenwy,cnsewy,csenwy
M,2,計財,2,0,0,2,0,0,0,1,3,resting,scewyn,scewny,scenwy,csewny
M,2,資工系,2,1,2,0,0,0,1,1,2,commuting,ncsywe,ncsyew,ncsewy,cnsyew
F,4,資工,4,2,3,3,0,0,0,1,2,working,csnewy,csenwy,cnsewy,csenwy
F,4,中文,3,2,2,1,2,0,0,1,2,wakingup,ncwsye,ncswey,ncwesy,cnswey
F,1,心諮系,2,2,1,0,0,0,0,1,2,wakingup,csnywe,csnyew,cnsewy,csnyew
M,2,資工系,4,4,1,1,0,0,0,1,2,wakingup,cnwsey,cnswey,cnwesy,cnswey
F,2,資工系,4,3,2,3,0,0,0,1,2,commuting,csewny,csewny,cesnwy,csewny
F,2,醫學系,4,3,2,3,0,0,0,1,2,wakingup,csweny,csewny,csweny,csewny
M,1,經濟系,3,2,1,1,0,0,0,3,2,resting,yncwes,yncwes,ycnesw,nycwes
M,2,資工系,4,3,3,1,1,0,0,1,2,wakingup,ncswey,ncswey,ncsewy,cnswey
F,2,電機工程學系,1,2,1,0,1,0,0,1,2,commuting,csweyn,csewny,csweny,csewny
M,1,經濟系,3,2,1,1,0,0,0,3,2,commuting,ywnsec,ywnsce,ynwces,wynsce
M,2,醫環系,1,1,0,2,0,0,0,1,2,wakingup,nscewy,nscewy,ncsewy,nscewy
F,1,資工,3,1,3,0,0,0,0,1,2,wakingup,ncsewy,nceswy,ncsewy,cneswy
M,2,材料系,3,2,2,0,0,0,1,1,2,commuting,scewyn,scewny,scenwy,csewny
M,2,資工系,3,0,2,2,0,0,0,1,2,resting,ecswyn,ecswny,ecsnwy,ceswny
M,2,數學系,3,?,?,?,?,?,?,1,2,wakingup,csewny,csewny,cesnwy,csewny
F,4,經濟,4,1,2,1,1,1,2,1,2,working,ncswye,ncswey,ncsewy,cnswey
F,2,電機工程學系,1,2,1,0,1,0,0,1,2,working,cswyen,cswyen,csweny,cswyen
F,2,資工系,3,1,0,2,0,0,0,3,1,working,csnewy,csenwy,cnsewy,csenwy
F,2,經濟系,2,1,1,1,0,0,0,1,2,working,ncwsey,ncswey,ncwesy,cnswey
F,2,資工系,4,1,0,3,0,0,0,1,2,commuting,csewny,csewny,cesnwy,csewny
F,2,人社系,3,3,1,1,1,0,0,1,2,working,csynew,csnyew,csyenw,csnyew
M,2,電資,3,1,1,2,1,0,0,1,2,working,cewsny,ceswny,cewnsy,ceswny
M,2,資工系,3,2,2,2,0,0,0,1,2,commuting,csnwey,csnwey,cnsewy,csnwey
F,4,國貿科,1,1,2,0,1,0,0,1,2,working,cswyne,cswyen,csweny,cswyen
M,2,材料系 ,2,0,1,1,0,0,0,1,2,working,wncsey,wncsey,wcnesy,nwcsey
F,2,人社系,3,3,1,1,1,0,0,1,2,commuting,csyewn,cseynw,csyenw,cseynw
M,2,材料系 ,2,0,1,1,0,0,0,1,2,resting,cwsney,cwnsey,csweny,cwnsey
F,4,建國,4,1,0,2,0,0,0,1,2,commuting,scenwy,scenwy,scenwy,csenwy
M,3,資工系,3,1,1,2,1,0,0,1,2,commuting,csnwey,csnwey,cnsewy,csnwey
M,4,工業工程,0,0,0,0,0,0,0,1,2,wakingup,nwcsye,nwcsey,ncwesy,nwcsey
F,4,資工,4,2,3,3,0,0,0,1,2,resting,csnewy,csenwy,cnsewy,csenwy
M,3,資工系,3,1,1,2,1,0,0,1,2,resting,csnwey,csnwey,cnsewy,csnwey
M,2,資工系,4,2,2,2,0,0,0,1,2,working,csneyw,csenwy,cnsewy,csenwy
F,2,資工系,4,4,4,4,0,0,0,1,2,wakingup,csnwye,csnwey,cnsewy,csnwey
M,3,交大應化系,3,2,2,2,0,0,0,1,2,wakingup,scenwy,scenwy,scenwy,csenwy
F,2,資工系,3,2,1,2,0,0,0,1,2,wakingup,cwsnye,cwnsey,csweny,cwnsey
M,3,材料所,4,2,2,2,0,0,0,1,2,commuting,csenwy,csenwy,cesnwy,csenwy
M,4,事業經營管理研究所,2,1,2,0,1,0,0,1,2,wakingup,cnsywe,cnsyew,cnsewy,cnsyew
M,3,資工,4,1,1,3,0,0,0,1,2,wakingup,csnywe,csnyew,cnsewy,csnyew
F,4,資料處理科,2,1,0,1,0,0,0,1,2,working,cnswye,cnswey,cnsewy,cnswey
M,2,化工系,2,1,1,1,1,0,0,3,2,working,ynwesc,ynewcs,ynwces,nyewcs
M,2,資工,4,1,1,3,1,0,1,1,2,working,cnswey,cnswey,cnsewy,cnswey
F,2,服科所,2,1,0,1,0,0,0,1,2,commuting,wcseny,wcesny,wcseny,cwesny
F,2,醫管系,3,2,1,2,0,0,0,1,2,working,cswnye,csnwey,csweny,csnwey
M,3,工科所,2,1,1,2,0,0,0,1,2,resting,cwnesy,cwensy,cnwesy,cwensy
M,2,資工系,4,2,0,2,0,0,0,1,2,working,ncsewy,nceswy,ncsewy,cneswy
F,2,教科系,3,1,0,3,0,0,0,1,2,working,cnwsey,cnswey,cnwesy,cnswey
F,4,經濟,4,1,2,1,1,1,2,1,2,wakingup,cnewsy,cnewsy,censwy,cnewsy
M,2,工工,3,1,1,1,0,0,0,1,2,working,csenwy,csenwy,cesnwy,csenwy
F,2,電機工程學系,1,2,1,0,1,0,0,1,2,resting,csewyn,csewny,cesnwy,csewny
M,2,資工系,2,1,0,1,0,0,0,1,2,resting,escnwy,escnwy,ecsnwy,escnwy
F,4,電子資料處理,4,4,4,4,0,0,0,1,2,wakingup,cnswey,cnswey,cnsewy,cnswey
M,2,工工,3,1,1,1,0,0,0,1,2,resting,scewny,scewny,scenwy,csewny
M,2,計財,2,0,0,2,0,0,0,1,3,wakingup,csnewy,csenwy,cnsewy,csenwy
F,2,人社,2,2,2,0,0,0,0,1,2,wakingup,csnywe,csnyew,cnsewy,csnyew
F,2,資工系,1,?,?,?,?,?,?,1,2,commuting,nwecsy,nwcesy,newcsy,nwcesy
F,2,教育系,3,2,3,1,0,0,0,1,2,commuting,nscewy,nscewy,ncsewy,nscewy
M,2,工工,3,1,1,1,0,0,0,1,2,wakingup,csewny,csewny,cesnwy,csewny
M,2,資工,3,1,1,3,0,0,0,1,2,wakingup,nwcsey,nwcsey,ncwesy,nwcsey
F,4,已畢業,2,0,1,0,1,0,0,1,2,wakingup,ncwyes,ncwyes,ncwesy,cnwyes
F,2,特教24,4,4,3,1,0,2,0,1,2,commuting,wcsney,wcnsey,wcseny,cwnsey
F,2,英教系,4,4,4,4,0,0,0,1,2,working,cseynw,cseynw,cesnwy,cseynw
M,3,生醫所,4,1,2,0,0,0,0,1,2,commuting,csnwye,csnwey,cnsewy,csnwey
F,3,經濟,4,2,1,2,1,1,1,1,2,commuting,csenwy,csenwy,cesnwy,csenwy
M,2,資工系,4,3,3,3,1,1,1,2,1,commuting,scenyw,scenwy,scenwy,csenwy
M,3,衛教係,3,0,1,2,0,0,0,1,2,commuting,ecswyn,ecswny,ecsnwy,ceswny
M,2,資工,3,1,1,2,0,0,0,1,2,working,csenwy,csenwy,cesnwy,csenwy
M,2,資工系,2,?,?,?,?,?,?,1,2,resting,scnywe,scnyew,scnewy,csnyew
M,2,數據所,4,2,2,0,0,0,0,1,2,wakingup,sceynw,sceynw,scenwy,cseynw
F,1,電機,3,1,1,1,0,0,0,1,2,wakingup,scewyn,scewny,scenwy,csewny
M,2,資工11,3,2,1,1,1,0,1,1,2,working,wcsney,wcnsey,wcseny,cwnsey
F,2,資訊工程系,3,2,2,4,1,0,0,1,3,resting,csweyn,csewny,csweny,csewny
F,2,特教24,4,4,3,1,0,2,0,1,2,resting,scweny,scewny,scweny,csewny
F,4,企業管理,1,0,0,1,0,0,0,1,2,working,ncswye,ncswey,ncsewy,cnswey
M,2,電機系,2,1,1,1,1,0,0,3,1,working,ncswey,ncswey,ncsewy,cnswey
M,2,資工系,3,0,2,2,0,0,0,1,2,wakingup,ncsewy,nceswy,ncsewy,cneswy
F,2,商學院 國貿系,4,2,2,0,0,0,0,1,2,commuting,csewyn,csewny,cesnwy,csewny
M,2,電機,3,1,1,4,0,0,0,1,2,working,ncswye,ncswey,ncsewy,cnswey
F,2,外語,4,4,2,1,0,0,0,1,2,resting,nwescy,nwescy,newcsy,nwescy
M,2,資工系,4,3,3,3,1,1,1,2,1,wakingup,ncewys,ncewsy,nceswy,cnewsy
F,2,服科所,2,1,0,1,0,0,0,1,2,resting,csewny,csewny,cesnwy,csewny
F,2,電物,2,1,1,0,0,0,0,1,2,wakingup,ncwsey,ncswey,ncwesy,cnswey
F,2,文資系,2,1,0,2,0,0,0,1,2,commuting,ncswey,ncswey,ncsewy,cnswey
M,2,資工系,3,1,1,2,0,0,0,1,2,working,cwnsey,cwnsey,cnwesy,cwnsey
F,2,經濟,3,2,0,4,0,0,0,2,3,working,csewny,csewny,cesnwy,csewny
F,2,醫管系,3,2,1,2,0,0,0,1,2,wakingup,cnswye,cnswey,cnsewy,cnswey
M,2,數學系,3,?,?,?,?,?,?,1,2,commuting,cswnye,csnwey,csweny,csnwey
F,2,服科所,2,1,0,1,0,0,0,1,2,wakingup,scweny,scewny,scweny,csewny
F,0,國小,0,0,0,0,0,0,0,3,2,resting,csweny,csewny,csweny,csewny
M,3,交大應化系,3,2,2,2,0,0,0,1,2,working,ecsnyw,ecnswy,ecsnwy,censwy
M,2,數學系,4,?,?,?,?,?,?,1,2,commuting,csnewy,csenwy,cnsewy,csenwy
M,2,資工系,3,1,1,1,0,0,0,1,2,resting,ncsewy,nceswy,ncsewy,cneswy
F,2,資工,3,2,2,1,0,0,0,1,2,working,nwycse,nwcyes,nwyces,nwcyes
M,2,資工系,4,1,1,4,1,0,0,1,2,working,cswyne,cswyen,csweny,cswyen
F,2,資工系,3,2,2,0,0,0,0,1,2,working,cnswey,cnswey,cnsewy,cnswey
F,2,護理系,3,2,1,1,0,0,0,1,2,working,cnswey,cnswey,cnsewy,cnswey
F,2,資訊工程系,3,2,2,1,0,0,0,1,2,commuting,csewny,csewny,cesnwy,csewny
F,2,財金,1,0,1,0,1,0,0,3,2,resting,wceyns,wceyns,wcensy,cweyns
M,4,經濟,4,2,3,2,1,0,0,1,2,commuting,cwynse,cwnyes,cwyens,cwnyes
F,2,人社系,3,3,1,1,1,0,0,1,2,resting,cseywn,cseynw,cesnwy,cseynw
F,2,醫學系,4,3,2,3,0,0,0,1,2,resting,csewny,csewny,cesnwy,csewny
M,2,資訊工程學系,2,2,2,1,0,0,0,1,3,commuting,ceswny,ceswny,cesnwy,ceswny
M,4,無,2,1,2,0,1,0,1,1,3,working,ncsewy,nceswy,ncsewy,cneswy
F,2,醫環系,3,2,1,2,0,0,0,1,2,wakingup,nwcsey,nwcsey,ncwesy,nwcsey
F,2,清華大學 工業工程與工程管理學系,3,1,2,1,1,0,0,1,2,resting,cnswey,cnswey,cnsewy,cnswey
M,2,資工11,4,1,0,3,0,0,0,1,2,wakingup,cesnyw,censwy,cesnwy,censwy
M,2,人社學士班,3,2,1,1,0,0,0,1,2,commuting,csnwye,csnwey,cnsewy,csnwey
M,4,材料,3,0,1,1,1,0,0,1,2,wakingup,cwsyne,cwsyen,csweny,cwsyen
M,2,電子物理系,4,3,2,2,1,0,0,3,2,resting,csewyn,csewny,cesnwy,csewny
M,2,電機,4,2,2,2,0,0,0,1,2,resting,csenwy,csenwy,cesnwy,csenwy
M,2,資工系,4,4,1,1,0,0,0,1,2,resting,scewny,scewny,scenwy,csewny
F,1,清大心諮系,2,1,1,0,0,0,0,1,2,commuting,ncswye,ncswey,ncsewy,cnswey
F,2,資工,3,0,0,4,0,0,0,1,2,wakingup,enscwy,encswy,enscwy,encswy
F,2,資工系,4,4,4,4,0,0,0,1,2,resting,csnywe,csnyew,cnsewy,csnyew
M,2,材料,3,1,1,2,0,0,0,1,2,wakingup,csnwey,csnwey,cnsewy,csnwey
M,4,地球科學,4,1,1,1,1,0,0,2,1,wakingup,ncwsey,ncswey,ncwesy,cnswey
M,2,醫環系,1,1,0,2,0,0,0,1,2,resting,nscewy,nscewy,ncsewy,nscewy
F,2,文資系,2,1,0,2,0,0,0,1,2,working,ncwsey,ncswey,ncwesy,cnswey
F,2,護理系,3,2,1,1,0,0,0,1,2,wakingup,nwcsey,nwcsey,ncwesy,nwcsey
F,2,外語,4,4,2,1,0,0,0,1,2,working,nwcsey,nwcsey,ncwesy,nwcsey
M,2,資工系,3,2,2,2,0,0,0,1,2,working,csnwye,csnwey,cnsewy,csnwey
M,4,電機系,2,0,0,2,0,0,0,1,2,working,nwcsey,nwcsey,ncwesy,nwcsey
M,2,資工系,4,?,?,?,?,?,?,3,2,resting,nywesc,nyewcs,nwyces,nyewcs
M,4,食品研究所,4,2,2,2,0,0,0,1,2,commuting,csnwye,csnwey,cnsewy,csnwey
F,4,國貿科,1,1,2,0,1,0,0,1,2,wakingup,cswyne,cswyen,csweny,cswyen
M,1,電機,2,1,1,1,0,0,0,1,2,wakingup,nwcyse,nwcyes,ncwesy,nwcyes
M,2,資工,3,1,1,2,0,0,0,1,2,wakingup,csenwy,csenwy,cesnwy,csenwy
F,2,機械系,4,2,2,4,1,0,0,1,2,working,ncwsye,ncswey,ncwesy,cnswey
M,2,資工11,4,1,0,3,0,0,0,1,2,commuting,cesnyw,censwy,cesnwy,censwy
M,3,社畜,4,1,0,2,0,0,1,1,2,working,csweny,csewny,csweny,csewny
M,2,資工,3,1,1,2,0,0,0,1,2,commuting,csenwy,csenwy,cesnwy,csenwy
M,2,資工系,4,4,3,4,2,0,0,1,2,working,nwcsye,nwcsey,ncwesy,nwcsey
M,2,資工系,2,?,?,?,?,?,?,1,2,commuting,scwyne,scwyen,scweny,cswyen
F,4,電子資料處理,4,4,4,4,0,0,0,1,2,commuting,cnsewy,cneswy,cnsewy,cneswy
M,2,材料23,4,2,1,2,0,0,0,1,2,wakingup,ncsewy,nceswy,ncsewy,cneswy
F,2,電機系,4,1,1,2,0,0,0,1,2,working,cwneys,cwensy,cnwesy,cwensy
F,1,清大心諮系,2,1,1,0,0,0,0,1,2,resting,scnywe,scnyew,scnewy,csnyew
M,2,管理科學系,2,2,1,1,0,0,0,1,2,commuting,wsceny,wsceny,wcseny,swceny
F,2,資工系,3,2,2,1,0,1,1,1,2,commuting,ncswey,ncswey,ncsewy,cnswey
F,4,經濟,4,1,2,1,1,1,2,1,2,resting,scewyn,scewny,scenwy,csewny
M,4,經濟,4,2,3,2,1,0,0,1,2,resting,escwny,escwny,ecsnwy,escwny
F,2,資工系,4,3,2,3,0,0,0,1,2,working,scenwy,scenwy,scenwy,csenwy
F,2,資工,3,2,2,1,0,0,0,1,2,wakingup,csnwey,csnwey,cnsewy,csnwey
F,2,行銷系,4,1,2,3,0,0,0,1,2,resting,cnsewy,cneswy,cnsewy,cneswy
M,2,資工系,4,2,0,2,0,0,0,1,2,wakingup,cnsewy,cneswy,cnsewy,cneswy
F,1,電機,3,1,1,1,0,0,0,1,2,working,scewyn,scewny,scenwy,csewny
M,2,數學系,4,?,?,?,?,?,?,1,2,working,cnsewy,cneswy,cnsewy,cneswy
M,2,資工系,3,0,2,2,0,0,0,1,2,commuting,ncswey,ncswey,ncsewy,cnswey
F,2,資工系,3,?,?,?,?,?,?,1,2,commuting,scwney,scnwey,scweny,csnwey
F,4,台大中文系畢業,3,1,2,0,0,0,0,1,2,working,ncsywe,ncsyew,ncsewy,cnsyew
M,2,資工,3,1,0,2,1,0,0,1,2,resting,cwseny,cwesny,csweny,cwesny
F,2,電機系,4,1,1,2,0,0,0,1,2,resting,scewny,scewny,scenwy,csewny
M,2,資訊工程系,2,2,1,1,0,0,0,1,2,wakingup,ncswey,ncswey,ncsewy,cnswey
F,2,資訊工程系,3,2,2,4,1,0,0,1,3,wakingup,ncwsey,ncswey,ncwesy,cnswey
M,2,資工,3,1,0,2,1,0,0,1,2,wakingup,ncsewy,nceswy,ncsewy,cneswy
M,2,資工,3,1,0,2,1,0,0,1,2,commuting,csenwy,csenwy,cesnwy,csenwy
F,2,醫學檢驗生物技術學系,4,4,4,2,2,0,0,1,3,commuting,ncsewy,nceswy,ncsewy,cneswy
M,2,數據所,4,2,2,0,0,0,0,1,2,resting,scenyw,scenwy,scenwy,csenwy
F,2,人社,2,2,2,0,0,0,0,1,2,resting,escwyn,escwny,ecsnwy,escwny
F,2,電機系,3,1,3,0,0,0,0,1,2,wakingup,cswnye,csnwey,csweny,csnwey
F,2,資工系,4,1,0,3,0,0,0,1,2,working,cwseny,cwesny,csweny,cwesny
F,2,資工系,4,3,1,1,0,0,0,1,2,working,cwnsey,cwnsey,cnwesy,cwnsey
F,2,人社,3,2,1,1,0,0,0,1,2,commuting,nsecwy,nscewy,nescwy,nscewy
F,3,服科所,3,2,1,0,0,0,0,1,2,commuting,cnwsey,cnswey,cnwesy,cnswey
F,3,資工系,2,0,1,2,0,0,0,1,2,commuting,cswyne,cswyen,csweny,cswyen
F,2,資工,2,1,1,1,0,0,0,1,2,commuting,csewny,csewny,cesnwy,csewny
M,2,資工,4,4,1,0,0,0,0,1,2,commuting,nscewy,nscewy,ncsewy,nscewy
M,2,資訊工程學系,2,2,2,1,0,0,0,1,3,working,wnscey,wncsey,wnscey,nwcsey
M,2,材料23,4,2,1,2,0,0,0,1,2,working,csnwey,csnwey,cnsewy,csnwey
M,2,資財系,4,3,2,0,0,0,0,1,2,working,csenwy,csenwy,cesnwy,csenwy
M,2,資工系,4,2,0,2,0,0,0,1,2,commuting,ncsewy,nceswy,ncsewy,cneswy
M,2,資工,4,1,1,3,1,0,1,1,2,wakingup,nwcsey,nwcsey,ncwesy,nwcsey
F,2,資工系,3,2,2,1,0,1,1,1,2,resting,ncswey,ncswey,ncsewy,cnswey
F,4,機械,1,1,0,0,1,0,0,1,2,wakingup,scewyn,scewny,scenwy,csewny
M,2,工學院學士班,2,2,1,0,0,0,0,1,2,wakingup,cwsnye,cwnsey,csweny,cwnsey
M,3,工科所,2,1,1,2,0,0,0,1,2,working,cwnesy,cwensy,cnwesy,cwensy
F,2,資工,4,1,2,4,0,0,0,1,2,resting,csynew,csnyew,csyenw,csnyew
M,2,醫環系,1,1,0,2,0,0,0,1,2,working,nwscey,nwcsey,nswcey,nwcsey
F,4,中文系,2,0,2,0,0,0,0,1,2,resting,nwcsye,nwcsey,ncwesy,nwcsey
M,2,電機系,4,3,1,2,1,0,0,2,1,resting,scnewy,scenwy,scnewy,csenwy
F,2,應用化學系,4,3,3,2,0,0,0,1,2,wakingup,cwnyse,cwnyes,cnwesy,cwnyes
F,2,教科系,3,1,0,3,0,0,0,1,2,resting,cesynw,cesynw,cesnwy,cesynw
F,4,資工,4,2,3,3,0,0,0,1,2,wakingup,csnewy,csenwy,cnsewy,csenwy
F,1,資工,3,1,3,0,0,0,0,1,2,commuting,ncsyew,ncsyew,ncsewy,cnsyew
F,4,台大中文系畢業,3,1,2,0,0,0,0,1,2,wakingup,ncsywe,ncsyew,ncsewy,cnsyew
F,2,歷史系,4,3,1,3,1,0,0,1,2,wakingup,nwcyse,nwcyes,ncwesy,nwcyes
F,2,資工,3,2,2,1,0,0,0,1,2,wakingup,ncswye,ncswey,ncsewy,cnswey
F,4,應用統計,2,1,1,0,0,0,0,1,2,resting,cswney,csnwey,csweny,csnwey
M,4,生命科學系,2,0,1,2,1,0,0,1,2,commuting,ncwsey,ncswey,ncwesy,cnswey
F,3,傳播所,3,2,2,0,0,0,0,1,2,commuting,nwcsey,nwcsey,ncwesy,nwcsey
F,2,資工系,3,2,2,1,0,1,1,1,2,wakingup,ncswey,ncswey,ncsewy,cnswey
M,2,資工系,4,4,3,4,2,0,0,1,2,wakingup,nwcyse,nwcyes,ncwesy,nwcyes
F,2,資工系,3,1,1,2,0,0,0,1,2,working,cesnwy,censwy,cesnwy,censwy
M,2,化學,2,1,0,2,1,0,0,3,2,commuting,cwnyse,cwnyes,cnwesy,cwnyes
F,2,資工,3,2,2,1,0,0,0,1,2,working,csnwey,csnwey,cnsewy,csnwey
F,4,建國,4,1,0,2,0,0,0,1,2,resting,scewny,scewny,scenwy,csewny
M,4,無,2,1,2,0,1,0,1,1,3,wakingup,nwscye,nwcsey,nswcey,nwcsey
M,4,材料,4,3,3,2,2,0,0,2,1,working,cnswey,cnswey,cnsewy,cnswey
M,2,人社系,4,2,2,2,0,0,0,1,2,commuting,csweyn,csewny,csweny,csewny
F,3,經濟,4,2,1,2,1,1,1,1,2,wakingup,csenwy,csenwy,cesnwy,csenwy
M,3,材料所,4,2,2,2,0,0,0,1,2,resting,csenwy,csenwy,cesnwy,csenwy
F,1,原科院學士班,1,1,1,1,0,0,0,1,2,working,scewyn,scewny,scenwy,csewny
F,2,護理系,3,2,1,1,0,0,0,1,2,resting,scnewy,scenwy,scnewy,csenwy
F,3,傳播所,3,2,2,0,0,0,0,1,2,working,cnwyse,cnwyes,cnwesy,cnwyes
F,2,人社,2,2,2,0,0,0,0,1,2,commuting,wecsyn,wecsny,wcensy,ewcsny
M,2,電機系,4,3,1,2,1,0,0,2,1,commuting,cnswey,cnswey,cnsewy,cnswey
F,4,已畢業,2,0,1,0,1,0,0,1,2,working,ncywse,ncwyes,ncyesw,cnwyes
F,2,電機系,3,1,3,0,0,0,0,1,2,resting,cswyne,cswyen,csweny,cswyen
F,4,中文系,2,0,2,0,0,0,0,1,2,wakingup,ncwsye,ncswey,ncwesy,cnswey
F,2,衛教系,4,1,2,3,0,0,0,1,2,working,ncwesy,ncewsy,ncwesy,cnewsy
M,2,化工系,2,1,1,1,1,0,0,3,2,resting,ynwesc,ynewcs,ynwces,nyewcs
M,4,生命科學系,2,0,1,2,1,0,0,1,2,resting,nwcsey,nwcsey,ncwesy,nwcsey
M,3,工管系,2,2,0,2,0,0,0,1,2,commuting,csnewy,csenwy,cnsewy,csenwy
M,1,物理系,3,1,2,2,0,0,0,1,2,wakingup,nyewsc,nyewcs,neycsw,nyewcs
F,2,資工系,3,1,0,2,0,0,0,3,1,commuting,csweny,csewny,csweny,csewny
M,2,資工系,2,1,0,2,0,0,0,1,2,wakingup,ncswey,ncswey,ncsewy,cnswey
F,2,資工系,4,3,0,4,0,0,0,1,2,working,nscewy,nscewy,ncsewy,nscewy
M,2,資工系,3,1,1,1,0,0,0,1,2,commuting,ncsewy,nceswy,ncsewy,cneswy
F,4,應用化學,3,1,1,0,1,0,0,1,2,working,nwcsye,nwcsey,ncwesy,nwcsey
F,4,食品營養科,1,1,1,1,0,0,0,1,2,resting,ncwsye,ncswey,ncwesy,cnswey
F,2,教育學院學士班,3,2,2,0,0,0,0,1,2,commuting,wnscey,wncsey,wnscey,nwcsey
M,2,資工系,4,2,2,2,0,0,0,1,2,commuting,cnswey,cnswey,cnsewy,cnswey
M,3,工管系,2,2,0,2,0,0,0,1,2,working,csnwey,csnwey,cnsewy,csnwey
F,2,衛教系,4,1,2,3,0,0,0,1,2,resting,ecnswy,ecnswy,ecnswy,censwy
F,2,數學系,4,3,1,1,1,0,0,1,2,commuting,cnwsey,cnswey,cnwesy,cnswey
M,3,衛教係,3,0,1,2,0,0,0,1,2,working,nscewy,nscewy,ncsewy,nscewy
M,2,資工系,4,4,1,4,0,0,0,1,2,resting,csenyw,csenwy,cesnwy,csenwy
M,3,資工所,2,1,0,2,0,0,0,2,1,commuting,swcnye,swcney,scweny,swcney
M,2,電機,4,2,2,1,0,0,0,1,2,working,cwesyn,cwesny,cewnsy,cwesny
F,4,應用統計,2,1,1,0,0,0,0,1,2,commuting,nwycse,nwcyes,nwyces,nwcyes
F,2,醫環系,3,2,1,2,0,0,0,1,2,resting,ncsewy,nceswy,ncsewy,cneswy
F,3,資工系,2,0,1,2,0,0,0,1,2,wakingup,nscwye,nscwey,ncsewy,nscwey
F,2,資工,4,1,2,4,0,0,0,1,2,commuting,nwscye,nwcsey,nswcey,nwcsey
F,2,資工系,3,?,?,?,?,?,?,1,2,wakingup,ncswye,ncswey,ncsewy,cnswey
F,4,企業管理,1,0,0,1,0,0,0,1,2,commuting,ncswye,ncswey,ncsewy,cnswey
F,1,心諮系,2,2,1,0,0,0,0,1,2,resting,scewny,scewny,scenwy,csewny
M,4,無,2,1,2,0,1,0,1,1,3,commuting,nwcsey,nwcsey,ncwesy,nwcsey
M,2,材料,3,1,1,2,0,0,0,1,2,commuting,csnwey,csnwey,cnsewy,csnwey
F,2,資工,2,1,1,0,0,0,0,1,2,working,wcseyn,wcesny,wcseny,cwesny
F,4,工管,2,0,0,0,0,0,0,1,2,resting,necswy,necswy,nceswy,encswy
F,2,特教23,3,2,2,2,0,0,0,1,2,resting,csnewy,csenwy,cnsewy,csenwy
M,2,資工,4,4,1,0,0,0,0,1,2,working,ncsewy,nceswy,ncsewy,cneswy
F,4,應用化學,3,1,1,0,1,0,0,1,2,wakingup,nwcsye,nwcsey,ncwesy,nwcsey
F,2,商學院 國貿系,4,2,2,0,0,0,0,1,2,wakingup,ncswey,ncswey,ncsewy,cnswey
F,2,資工系,1,?,?,?,?,?,?,1,2,working,nwcsey,nwcsey,ncwesy,nwcsey
M,2,奈米學士班,0,0,2,3,4,2,1,3,2,wakingup,csewyn,csewny,cesnwy,csewny
F,1,原科院學士班,1,1,1,1,0,0,0,1,2,commuting,scewyn,scewny,scenwy,csewny
M,2,管理科學系,2,2,1,1,0,0,0,1,2,working,scwney,scnwey,scweny,csnwey
F,2,電機系,3,1,3,0,0,0,0,1,2,commuting,csenwy,csenwy,cesnwy,csenwy
M,2,資工,3,2,1,2,1,0,1,1,2,wakingup,ncswye,ncswey,ncsewy,cnswey
M,4,經濟,4,2,3,2,1,0,0,1,2,working,ncwsye,ncswey,ncwesy,cnswey
F,2,教育系,3,2,3,1,0,0,0,1,2,working,ncsewy,nceswy,ncsewy,cneswy
M,2,數學系,3,?,?,?,?,?,?,1,2,resting,cswnye,csnwey,csweny,csnwey
M,2,奈米學士班,0,0,2,3,4,2,1,3,2,resting,scenwy,scenwy,scenwy,csenwy
F,4,建國,4,1,0,2,0,0,0,1,2,wakingup,csewny,csewny,cesnwy,csewny
F,2,應用化學系,4,3,3,2,0,0,0,1,2,resting,cnwesy,cnewsy,cnwesy,cnewsy
F,2,醫放系,3,1,2,0,0,0,0,1,2,resting,cnswey,cnswey,cnsewy,cnswey
F,2,資工系,1,1,0,0,0,0,0,1,2,commuting,scewny,scewny,scenwy,csewny
F,2,資工系,3,1,1,2,0,0,0,1,2,working,ncwsye,ncswey,ncwesy,cnswey
F,2,物理系,4,1,1,3,0,0,0,1,2,working,cwseny,cwesny,csweny,cwesny
F,2,資訊工程系,3,2,2,1,0,0,0,1,2,resting,csewyn,csewny,cesnwy,csewny
F,1,清大心諮系,2,1,1,0,0,0,0,1,2,working,ncswey,ncswey,ncsewy,cnswey
F,2,資工,3,2,2,1,0,0,0,1,2,resting,cseywn,cseynw,cesnwy,cseynw
F,2,工工系,3,2,2,1,0,0,0,2,1,resting,ncsewy,nceswy,ncsewy,cneswy
M,2,資工系,2,1,0,2,0,0,0,1,2,resting,ncswey,ncswey,ncsewy,cnswey
F,2,數學系,4,3,1,1,1,0,0,1,2,wakingup,csneyw,csenwy,cnsewy,csenwy
F,2,醫學檢驗生物技術學系,4,4,4,2,2,0,0,1,3,working,cnwsey,cnswey,cnwesy,cnswey
F,2,文資系,2,1,0,2,0,0,0,1,2,wakingup,ncswey,ncswey,ncsewy,cnswey
M,2,機電系,3,2,3,1,0,0,0,1,2,commuting,csewyn,csewny,cesnwy,csewny
F,2,資工系,4,2,1,3,0,0,0,1,2,working,cwseyn,cwesny,csweny,cwesny
M,2,資工系,2,1,0,2,0,0,0,1,2,commuting,ncwsye,ncswey,ncwesy,cnswey
M,2,經濟,3,2,1,1,0,0,0,1,3,commuting,csweyn,csewny,csweny,csewny
M,2,資工,4,1,1,3,1,0,1,1,2,commuting,ncwsey,ncswey,ncwesy,cnswey
F,2,資工,3,0,0,4,0,0,0,1,2,working,ecsnwy,ecnswy,ecsnwy,censwy
M,2,資工,3,1,1,2,0,0,0,1,2,resting,csenwy,csenwy,cesnwy,csenwy
F,2,資工系,2,?,?,?,?,?,?,1,3,working,csnewy,csenwy,cnsewy,csenwy
M,2,人社,3,1,2,0,1,0,0,1,3,resting,nscwye,nscwey,ncsewy,nscwey
M,2,化工系,2,1,1,1,1,0,0,3,2,commuting,ywnecs,ywencs,ynwces,wyencs
F,2,教育系,3,2,3,1,0,0,0,1,2,resting,escnyw,escnwy,ecsnwy,escnwy
F,2,商學院,4,2,2,4,0,0,1,1,2,commuting,csnwey,csnwey,cnsewy,csnwey
M,2,資工系,4,?,?,?,?,?,?,1,2,working,cnswey,cnswey,cnsewy,cnswey
M,1,生科系,2,4,3,0,1,2,3,1,2,resting,scnywe,scnyew,scnewy,csnyew
M,2,資工系,4,1,1,4,1,0,0,1,2,resting,escwny,escwny,ecsnwy,escwny
M,2,電機,3,1,1,4,0,0,0,1,2,resting,ncswye,ncswey,ncsewy,cnswey
F,2,文資系,2,1,0,2,0,0,0,1,2,resting,ecswny,ecswny,ecsnwy,ceswny
F,2,電機系,3,1,3,0,0,0,0,1,2,working,cswnye,csnwey,csweny,csnwey
F,2,資工系,3,3,2,1,0,0,0,1,2,resting,escwyn,escwny,ecsnwy,escwny
F,2,資訊工程系,3,2,2,1,0,0,0,1,2,wakingup,ncswye,ncswey,ncsewy,cnswey
F,2,資工系,3,1,0,2,0,0,0,3,1,resting,ceswny,ceswny,cesnwy,ceswny
F,2,工工系,3,2,2,1,0,0,0,2,1,commuting,cswney,csnwey,csweny,csnwey
F,4,台大中文系畢業,3,1,2,0,0,0,0,1,2,resting,ncsewy,nceswy,ncsewy,cneswy
F,2,醫學系,3,2,2,0,0,0,0,3,2,wakingup,cnswey,cnswey,cnsewy,cnswey
M,2,化學,2,1,0,2,1,0,0,3,2,resting,cwseyn,cwesny,csweny,cwesny
F,3,經濟,4,2,1,2,1,1,1,1,2,working,csewny,csewny,cesnwy,csewny
F,2,醫管系,3,2,1,2,0,0,0,1,2,commuting,nwscey,nwcsey,nswcey,nwcsey
M,2,電機系,4,3,1,2,1,0,0,2,1,working,cnswey,cnswey,cnsewy,cnswey
M,1,生科系,2,4,3,0,1,2,3,1,2,working,scnywe,scnyew,scnewy,csnyew
F,2,資工系,1,1,0,0,0,0,0,1,2,working,scewny,scewny,scenwy,csewny
F,4,應用化學,3,1,1,0,1,0,0,1,2,commuting,nwcsye,nwcsey,ncwesy,nwcsey
F,2,醫學檢驗生物技術學系,4,4,4,2,2,0,0,1,3,resting,scewny,scewny,scenwy,csewny
M,2,土木,4,1,3,3,1,0,0,1,2,resting,censwy,censwy,censwy,censwy
